,USA_MOM,USA_QUAL,USA_VAL,USA_SMALL,EUR_MOM,EUR_QUAL,EUR_VAL,EUR_SMALL,CONS_DISC,CONS_STAP,ENERGY,HEALTH,INDUST,INFOTECH,MATERIALS
1998-11,,,,,,,,,224.0800018310547,245.27000427246094,185.4499969482422,354.5899963378906,220.2100067138672,394.69000244140625,135.2100067138672
1998-12,563.1795097,769.43304506,384.2275667863629,112.2963098482487,1000.0,797.2839380961782,505.2046987308192,100.0,241.27000427246094,249.39999389648438,183.44000244140625,369.8399963378906,227.92999267578125,452.510009765625,130.08999633789062
1999-01,587.01133783,803.18669109,393.0840620452748,114.3746722939297,1052.7774253129212,820.5525852270616,521.0490309398731,99.90507684195308,254.82000732421875,243.69000244140625,170.05999755859375,368.2699890136719,231.5399932861328,530.6900024414062,127.0199966430664
1999-02,572.08390973,772.99937576,373.1104463149677,104.08549370292543,1046.2879638229572,826.3994776182165,513.3956573196142,102.2207649637966,255.19000244140625,233.32000732421875,168.3300018310547,371.2699890136719,227.32000732421875,465.45001220703125,128.0
1999-03,604.57647657,800.48444966,382.6256123953957,104.55236051303758,1039.1722105840174,846.2466891782893,541.7887022315916,105.52694997518344,266.45001220703125,228.14999389648438,192.88999938964844,379.7699890136719,236.25,507.54998779296875,131.07000732421875
1999-04,606.01491811,807.08310888,415.7209215424441,112.328985470926,1059.104877813032,855.5221307422217,578.8612919729794,113.63712467748914,273.2900085449219,230.67999267578125,220.8800048828125,354.260009765625,256.3699951171875,513.1699829101562,162.58999633789062
1999-05,588.87014059,788.36458542,418.0025193310628,116.15542174953008,1029.2542937781366,839.343453123978,567.14536075109,112.9689314626752,261.3999938964844,231.1199951171875,214.25999450683594,343.7300109863281,248.63999938964844,506.6199951171875,149.8699951171875
1999-06,636.31691708,835.75237461,430.6132260047214,123.15579147400229,1071.176068358726,861.6688640622837,580.6460613576164,114.38651548270896,276.9200134277344,228.25999450683594,216.10000610351562,359.2099914550781,264.92999267578125,566.6099853515625,157.30999755859375
1999-07,614.77342548,813.62979097,422.53101115472793,124.65354138291492,1051.5345729909066,841.658976079406,575.064902042141,112.72963473538934,260.67999267578125,226.05999755859375,218.75999450683594,339.17999267578125,254.97000122070312,562.7000122070312,154.80999755859375
1999-08,611.69402265,821.85809927,419.70557899048737,120.57196575677602,1067.6225776983476,851.2501269205351,582.5261040927099,115.75339943560748,251.50999450683594,221.91000366210938,221.32000732421875,350.17999267578125,252.25999450683594,597.1599731445312,148.27000427246094
1999-09,609.85325946,791.01265791,384.5810207449256,120.17978566487,1062.4659274625026,851.4019494530565,572.3630512299201,112.90238197280256,252.69000244140625,198.75999450683594,212.3300018310547,321.54998779296875,251.02999877929688,594.469970703125,143.72000122070312
1999-10,660.10923411,836.15079149,393.434454809641,119.04130865170616,1133.1777615579217,902.845262970767,589.1765751971432,111.9215530592016,270.489990234375,212.9600067138672,209.22999572753906,356.8699951171875,256.9700012207031,605.0,146.8699951171875
1999-11,687.00034106,861.20215775,400.02603403532913,130.0831995794456,1297.92188956955,979.8383689988568,620.6916336019707,117.67626599012144,273.0799865722656,215.67999267578125,212.2100067138672,358.9200134277344,248.2100067138672,673.1199951171875,144.52000427246094
1999-12,785.89238222,914.90669752,410.3753864793072,148.8676654784969,1536.681346236216,1085.0312891285562,691.1831724273826,126.61627500909428,299.30999755859375,208.0500030517578,212.72000122070312,326.7799987792969,273.3800048828125,807.4400024414062,159.9600067138672
2000-01,731.68977351,858.28047283,398.7215144746365,146.084106872,1538.037810619775,1040.1148405136091,654.3119400310754,130.82058360148392,274.2799987792969,193.8699951171875,209.22000122070312,345.9100036621094,248.39999389648438,745.4000244140625,141.05999755859375
2000-02,757.06018747,847.94187776,392.5118181115064,180.27739639662244,1754.7448900248078,1103.7300205069882,681.3994167907231,141.09228525728656,258.2799987792969,174.00999450683594,196.10000610351562,309.5799865722656,237.5,845.9400024414062,127.19000244140625
2000-03,827.09204987,920.64086104,436.39994418191833,163.4310798123586,1715.4720902510253,1142.9894981035188,691.0244613526809,139.953406378244,287.6300048828125,171.5500030517578,216.6199951171875,326.260009765625,269.3500061035156,916.7100219726562,139.58999633789062
2000-04,783.38384747,891.70062717,440.8892215313942,151.8159329848535,1687.3114451830843,1169.0617369952174,707.9992332027282,137.69181105200235,281.92999267578125,175.72999572753906,214.80999755859375,351.9100036621094,274.17999267578125,833.6799926757812,133.42999267578125
2000-05,734.75822227,869.9392134,433.2361266810072,144.78721430109735,1590.5809663436287,1119.5754061328662,726.9969513426437,133.63148284566725,268.9800109863281,192.32000732421875,234.16000366210938,370.8999938964844,272.32000732421875,746.2000122070312,129.9499969482422
2000-06,778.72634451,926.15620476,420.7286068093469,153.81868407346133,1566.2911544579044,1108.7982823063358,724.9825160440885,133.7046193453094,262.260009765625,193.9600067138672,221.75999450683594,401.67999267578125,265.5400085449219,831.8499755859375,118.08000183105469
2000-07,764.95228003,895.02358431,423.4123270918042,150.38679801840124,1556.1050805217842,1139.3722914659957,761.4103269583106,137.9113057422489,259.0799865722656,191.85000610351562,216.69000244140625,378.9200134277344,267.8500061035156,792.0999755859375,118.73999786376953
2000-08,826.68306937,929.62408308,453.9634915339848,164.7821434279926,1600.7614352513017,1184.588066882148,790.9295700437632,144.71886252550215,253.94000244140625,189.02999877929688,232.3000030517578,380.82000732421875,291.92999267578125,880.7100219726562,120.19999694824219
2000-09,749.75336265,880.16736355,414.9130889689396,164.15516144020145,1466.3406178593643,1157.643161882114,748.0864471399976,141.68975586090826,248.41000366210938,197.22999572753906,239.5800018310547,399.70001220703125,288.1300048828125,715.780029296875,108.2300033569336
2000-10,715.76152004,896.16361777,427.23303282640006,161.89505110187844,1476.2152504449907,1188.9703509222074,783.7602509078198,140.14910077059963,243.60000610351562,220.02999877929688,234.74000549316406,414.0799865722656,295.5899963378906,674.2999877929688,118.62999725341797
2000-11,685.34380751,842.39699983,406.9323811024134,145.193546542603,1299.478304504433,1129.7053680899594,719.5035172852911,133.30855454581996,229.22999572753906,229.74000549316406,227.7100067138672,431.20001220703125,282.8699951171875,535.4099731445312,114.93000030517578
2000-12,706.71352672,820.68712364,417.72988791322746,159.0186694636475,1293.0454165910644,1106.6750069763832,730.4683337438838,130.5712950206642,237.25,238.14999389648438,240.8699951171875,442.9200134277344,285.7699890136719,476.6400146484375,131.61000061035156
2001-01,678.08832703,843.18855515,447.7466863705047,167.00350026031714,1233.292571745353,1087.3443842455283,746.0569367554646,138.76343554651024,269.2799987792969,223.1199951171875,233.57000732421875,406.42999267578125,282.80999755859375,562.02001953125,128.19000244140625
2001-02,622.43718596,761.82961542,424.0348494776062,159.97652932315316,1227.6013188943132,1010.5381127621712,717.8860955415786,134.79473307829156,248.38999938964844,225.77000427246094,228.3300018310547,406.8999938964844,278.4599914550781,404.5799865722656,129.30999755859375
2001-03,573.75718559,707.82372665,416.4200190023247,155.54145617306762,1196.8083122106916,965.1260101501232,690.7606215722824,127.16640435867654,236.77000427246094,213.7899932861328,224.75999450683594,376.44000244140625,255.02000427246094,353.1000061035156,123.41999816894531
2001-04,615.09930727,754.93955021,440.97040398048097,165.58218173869082,1221.6356026040885,1027.6161202813855,726.9625763615048,133.9050226720393,257.0299987792969,211.85000610351562,247.02000427246094,386.44000244140625,286.1000061035156,412.8500061035156,137.19000244140625
2001-05,614.85299473,757.86975085,436.2440389280577,169.9621607912094,1246.1828920993985,1038.7602361720917,737.3667071472704,138.9434514854904,264.0799865722656,215.64999389648438,247.3699951171875,390.4200134277344,294.3900146484375,392.17999267578125,142.1699981689453
2001-06,593.27353776,738.89381043,440.488878432856,177.56990591022512,1246.9695031566907,997.321224626972,696.9426521172642,132.2839970913188,259.9800109863281,208.5500030517578,230.55999755859375,372.25,282.6499938964844,396.69000244140625,135.94000244140625
2001-07,591.48714848,749.3959737,444.9873346624983,173.66948870697777,1193.751243771508,969.6196469906336,672.2042647435935,125.7415270105334,260.7300109863281,210.02000427246094,226.74000549316406,391.95001220703125,272.94000244140625,373.0899963378906,136.1199951171875
2001-08,574.66729931,703.1337405,424.23523117299607,169.81441818392491,1159.0971538325616,907.6132979704782,646.2585628414078,121.98093814190987,233.02000427246094,218.52999877929688,217.8800048828125,377.3399963378906,260.92999267578125,325.9800109863281,134.55999755859375
2001-09,536.79209245,662.86203808,382.22566370756425,146.90082092442168,1053.3422188369386,832.1018537900794,568.463587229295,101.05982833629784,203.44000244140625,214.0500030517578,203.11000061035156,382.7900085449219,228.58999633789062,261.8500061035156,119.33999633789062
2001-10,532.99790055,679.69183405,379.6132813610052,159.24570067833957,1057.7980634097676,872.9814618421362,583.8773613632028,108.52563734526632,208.07000732421875,212.6999969482422,209.52000427246094,380.6000061035156,233.1199951171875,307.3500061035156,122.16999816894531
2001-11,567.05812448,732.51249235,415.3740474244409,172.80734508791556,1076.545838765037,910.7381729850996,624.6038201902888,117.97002720126896,236.22000122070312,217.30999755859375,200.72999572753906,398.55999755859375,254.6300048828125,359.7300109863281,136.35000610351562
2001-12,575.56123152,734.00363854,416.5522494202863,184.1017223334496,1124.6423517148874,947.4950414135368,639.4343795539487,120.5303516147928,241.8800048828125,218.38999938964844,211.3000030517578,385.5899963378906,265.7699890136719,352.70001220703125,132.92999267578125
2002-01,582.17320822,739.60989327,419.4261721872873,179.96912139901488,1149.9509237676475,946.428096792218,643.4852770874788,122.3699241222298,239.72000122070312,220.6699981689453,207.27000427246094,381.6099853515625,251.6699981689453,357.5299987792969,135.4199981689453
2002-02,587.15003218,727.74157227,410.0310612747052,174.50420934729416,1144.6045300010294,961.1746318237832,651.6677594161038,122.16348975288072,242.58999633789062,229.47000122070312,215.44000244140625,382.5799865722656,257.5,307.3399963378906,142.1699981689453
2002-03,606.78877501,743.60815962,433.6182923702533,189.79522289212423,1184.7620045900956,999.3426590367988,688.680582276188,128.87871669421665,246.6699981689453,236.99000549316406,229.74000549316406,383.1400146484375,261.3500061035156,326.3399963378906,146.83999633789062
2002-04,606.7909051,694.43935039,428.8000880281581,189.81990620976345,1188.0203472604735,950.22083674054,684.7926458351631,128.1029331264325,236.5800018310547,241.3800048828125,218.00999450683594,359.1400146484375,236.8699951171875,285.8999938964844,139.66000366210938
2002-05,606.94452716,685.69072161,433.08784607192246,180.75053543762112,1141.5083705193736,894.4400524821014,671.321345399236,124.0326501179559,236.3000030517578,243.36000061035156,218.2100067138672,351.70001220703125,237.2100067138672,274.82000732421875,146.2100067138672
2002-06,575.01244658,637.1330708,393.4781747680774,169.16807482667895,1062.6925258165547,836.3114236061741,608.6189454423733,113.03035240348753,217.1699981689453,228.52000427246094,217.5800018310547,319.20001220703125,223.2899932861328,241.3800048828125,142.94000244140625
2002-07,539.46153379,598.55403971,358.8891097427716,145.77719219537337,984.9670761726494,757.1631172940105,526.7101822468239,101.4825160491546,191.61000061035156,217.94000244140625,189.69000244140625,312.1700134277344,213.72000122070312,223.2100067138672,126.81999969482422
2002-08,545.36537161,601.83705663,365.0149153733253,146.07513985945374,982.2971422614132,755.3232977104582,525.1661195342809,99.76235465981355,196.52999877929688,220.02999877929688,188.97999572753906,315.55999755859375,208.8300018310547,218.47999572753906,125.93000030517578
2002-09,509.23929035,539.78821342,316.9754042461917,135.07109529399975,904.4694493488385,710.4179858477315,453.4773119591202,88.05528527488707,179.52000427246094,203.52999877929688,172.6199951171875,295.07000732421875,183.41000366210938,180.1199951171875,109.47000122070312
2002-10,514.23113213,594.21785691,339.2567324315136,139.48623407697747,925.6384246971978,744.7444144476112,490.5066651950153,91.36820079924202,191.0800018310547,210.50999450683594,177.55999755859375,312.3999938964844,190.3699951171875,220.27000427246094,114.94000244140625
2002-11,507.38870043,615.28728548,358.964188503157,151.26535005617788,925.847902364943,754.2079760202723,512.1338746264815,94.8691309816033,200.3300018310547,204.14999389648438,183.19000244140625,320.29998779296875,202.2100067138672,257.3399963378906,128.38999938964844
2002-12,496.52717643,582.34034225,343.1066470703748,139.9489956640824,863.5565081255281,708.9911400374847,473.46544916765737,87.59044427215328,182.75,204.6199951171875,183.1300048828125,308.5799865722656,192.5,220.1699981689453,122.69000244140625
2003-01,487.19075396,563.37363494,335.9067102787823,136.39466115316137,809.6534298273343,657.1717701821425,460.609541975049,82.85930901435367,176.72999572753906,197.10000610351562,178.3800048828125,307.0400085449219,183.11000061035156,216.44000244140625,116.55999755859375
2003-02,482.33866064,556.57360977,323.9539330387106,132.48714737122265,802.8107676515849,629.0987669263762,437.3894755348582,79.20011565109301,175.14999389648438,191.3800048828125,181.05999755859375,301.0899963378906,179.75,221.6699981689453,113.0999984741211
2003-03,486.85827003,563.75278851,320.4809686885776,134.15054977570816,776.6178577149999,617.5949951837138,420.8916817232431,77.71554175457358,179.83999633789062,190.25,183.11000061035156,311.2099914550781,181.94000244140625,218.97000122070312,113.05999755859375
2003-04,516.03149269,597.66183181,346.1203626467844,149.37317316329194,832.6981929535712,666.862730843471,471.2886307864288,86.27205818451924,200.6199951171875,195.75,182.22000122070312,321.760009765625,201.22000122070312,238.7100067138672,123.44000244140625
2003-05,539.5023864,622.20238276,376.9009748991523,167.15799410470612,835.5730080232502,671.8718724531946,482.5771623883832,90.57262304931224,210.72000122070312,204.97000122070312,197.0,327.1600036621094,206.4600067138672,258.67999267578125,126.91999816894531
2003-06,547.65199762,628.57815699,385.05876294693934,169.21069757732235,843.8604826451291,682.3539372730946,510.678965413821,94.528930707719,213.75,206.47000122070312,194.82000732421875,341.0199890136719,209.75,258.5199890136719,127.76000213623047
2003-07,562.04247051,627.66239738,385.4758938069351,177.5568732258088,866.4512112057582,688.9001459084899,542.0530806997409,100.56859135770812,218.2899932861328,205.02000427246094,189.91000366210938,335.7900085449219,215.72999572753906,272.7900085449219,137.77999877929688
2003-08,569.59022985,636.74419075,392.5338476873737,187.99209015646903,882.9456996367526,712.9282013991424,564.0963112197568,106.65266206743853,229.0800018310547,208.9600067138672,200.6699981689453,322.82000732421875,224.57000732421875,288.2699890136719,141.72999572753906
2003-09,564.71757775,630.93907271,388.9317495532291,184.25576605115967,863.9105823102276,691.6485272876453,536.8100457522469,105.06052849781248,218.10000610351562,207.9600067138672,195.64999389648438,323.8500061035156,218.2899932861328,286.32000732421875,135.00999450683594
2003-10,599.6855468,656.6861753,410.2745256352004,202.0068920602999,917.0265217519913,728.0127688290368,585.8809771515496,113.84250414981663,237.5,218.00999450683594,197.22999572753906,325.989990234375,230.49000549316406,309.6000061035156,147.30999755859375
2003-11,605.27427062,658.79168539,420.3085792213168,209.0563690038652,921.7038625009636,733.6034017105869,593.1973652638865,114.52301740938954,239.50999450683594,219.85000610351562,196.9600067138672,330.7200012207031,233.6300048828125,314.3900146484375,150.35000610351562
2003-12,617.67753546,687.92685874,446.6930969398436,213.3129015076934,924.5496413781974,749.144545498575,606.741151751662,114.55388901434176,248.6999969482422,223.5,224.13999938964844,349.6600036621094,249.74000549316406,322.6600036621094,165.33999633789062
2004-01,632.82171701,692.70055131,457.60521398920525,222.37636851714527,978.9665927715962,759.8625721329443,637.6176272635523,123.39995179124018,246.66000366210938,223.69000244140625,226.94000244140625,359.1600036621094,252.42999267578125,333.8800048828125,157.3800048828125
2004-02,640.81082268,702.83281205,463.7128833746722,224.47881516987192,1010.6454922716772,787.5018342254452,656.6612942940764,128.89579076321013,251.64999389648438,236.3699951171875,236.0399932861328,361.6400146484375,249.6300048828125,322.9100036621094,165.02999877929688
2004-03,636.95039655,690.34459351,458.58082112654745,227.90247814854663,996.2127211236144,775.0688407415653,645.3921100255751,126.69050300900196,251.25,234.99000549316406,234.4499969482422,346.55999755859375,246.16000366210938,314.2699890136719,161.57000732421875
2004-04,608.37644195,700.936344,450.4135345619647,214.8610571332621,999.1304466291198,777.0728515587061,657.4059135387151,126.57640373016358,247.19000244140625,237.6199951171875,238.30999755859375,357.1499938964844,245.7100067138672,299.5299987792969,153.75999450683594
2004-05,622.72112115,701.36906522,452.69697691114766,219.3760185749503,1000.496977052408,780.5139008410819,651.5001101680537,123.89698056641022,248.88999938964844,234.4199981689453,238.5399932861328,355.8800048828125,251.22000122070312,314.260009765625,157.0500030517578
2004-06,641.22102228,709.90715929,467.0630574841325,227.4295126018311,1025.4971415546706,790.9890496740578,675.340530481123,128.42364999424004,249.99000549316406,234.9499969482422,250.82000732421875,354.6600036621094,265.7799987792969,322.92999267578125,164.75
2004-07,609.12512152,686.79424092,451.5580917898134,213.7086074834231,1011.577326996075,770.8245593594527,663.7185692131643,124.136548463042,240.0399932861328,223.2899932861328,259.1499938964844,335.42999267578125,260.17999267578125,298.55999755859375,161.11000061035156
2004-08,613.01523462,690.08881244,451.81507300172456,211.69525839092057,1006.4500759571916,764.265274176879,657.1841321401605,122.57381081565936,239.64999389648438,227.47999572753906,255.55999755859375,340.6700134277344,259.239990234375,282.45001220703125,163.6300048828125
2004-09,645.55816933,688.43140981,463.8389615085276,221.4463680951783,1035.6756717774367,766.2051905398785,669.8917885907746,125.54800989115115,246.57000732421875,220.74000549316406,276.95001220703125,334.29998779296875,264.4800109863281,290.6300048828125,169.66000366210938
2004-10,650.23680704,691.25156755,468.31928391301074,225.83823255679457,1051.066212880749,769.0083089353352,675.7105647730668,127.5043924555568,256.5400085449219,222.0399932861328,278.6600036621094,326.8699951171875,267.30999755859375,305.8500061035156,168.27000427246094
2004-11,699.5976106,714.61372373,505.0973501412896,243.56630995627333,1091.5737606592004,778.9375319471259,706.0727613896843,134.28943547402844,266.6600036621094,228.41000366210938,294.6099853515625,331.8699951171875,282.55999755859375,320.5,180.9600067138672
2004-12,712.3568729,745.64732642,525.4707839044635,251.7546915441896,1116.119503106003,786.7336805448109,729.4568312350407,137.94599913239523,278.8999938964844,236.99000549316406,288.6300048828125,350.4800109863281,289.57000732421875,329.54998779296875,183.14999389648438
2005-01,697.33004342,736.48605693,516.3915065247108,240.6434421133769,1150.3584295190503,806.2356175680619,752.6063335675597,145.9295009329219,267.239990234375,239.57000732421875,296.4700012207031,339.1300048828125,281.7099914550781,312.260009765625,177.4600067138672
2005-02,737.88928345,754.35121827,533.6486164513616,245.4441975667624,1194.8005152836777,839.7607984115834,788.6798566936525,151.1063159544272,265.8699951171875,239.7899932861328,350.67999267578125,348.95001220703125,282.9599914550781,312.17999267578125,190.91000366210938
2005-03,729.71223051,744.98704503,529.9779622973986,237.53997832620647,1169.1934691052818,835.0764852740102,776.1038105764482,150.5768056539051,262.44000244140625,237.16000366210938,337.9100036621094,346.8999938964844,283.6600036621094,304.92999267578125,185.52999877929688
2005-04,700.9430644,727.90776687,512.2388111807751,224.72223964683243,1143.034110543686,826.9379623325684,743.4126370485587,145.75162356250405,245.4600067138672,234.32000732421875,319.9700012207031,358.5299987792969,274.9599914550781,293.1400146484375,172.5
2005-05,726.55665294,747.28402162,530.048943961428,239.4687364134414,1207.9050788685956,863.1831385091119,787.7671559226776,152.7247223534215,259.80999755859375,239.02000427246094,324.3299865722656,361.3800048828125,281.07000732421875,315.510009765625,170.5
2005-06,752.23162597,737.53684401,532.0054769300441,247.1847195634847,1262.7554863692824,890.5594310929428,818.4916801883719,159.5920291555201,259.3900146484375,234.24000549316406,343.07000732421875,359.8800048828125,272.8900146484375,309.9200134277344,167.08999633789062
2005-07,783.1707275,763.26497806,552.7449181031634,262.3574296339915,1297.6616258101633,901.833294594332,854.1417497853564,167.96808285836352,273.760009765625,241.5,362.6300048828125,368.0899963378906,281.9599914550781,327.9599914550781,175.91000366210938
2005-08,795.24279859,750.56288353,554.0010174013297,258.36044859404444,1314.1077452681236,908.2729975037228,862.4365102620122,171.40305621821005,264.1499938964844,237.75,381.1099853515625,366.0400085449219,275.1099853515625,326.95001220703125,168.25999450683594
2005-09,826.22799625,748.92460551,567.8297054749758,259.8090437983232,1375.2435203851535,948.8747533335588,902.2370870542518,179.02215841330326,256.4100036621094,240.47000122070312,403.9599914550781,363.7699890136719,278.1700134277344,327.79998779296875,169.17999267578125
2005-10,800.74475401,737.62059157,554.0748383355013,252.01245207639457,1317.1726120352332,921.958061326952,872.4908611964679,169.58448999647246,251.24000549316406,239.42999267578125,366.0199890136719,352.7699890136719,274.9800109863281,320.5799865722656,170.07000732421875
2005-11,824.39366451,758.35946558,576.2669132672564,264.4116553504496,1358.0085082790408,944.50572723144,904.8077041696135,176.14379421791767,260.7799987792969,241.14999389648438,370.95001220703125,355.5,290.260009765625,340.8800048828125,182.10000610351562
2005-12,837.61169104,751.84304955,583.1345700288169,263.58692488264614,1412.613223867682,980.1933356738205,938.1281270245112,185.33476170610925,258.3900146484375,240.1699981689453,372.7300109863281,367.5,290.6000061035156,330.80999755859375,187.1199951171875
2006-01,892.30130417,763.19501543,606.2791646841164,284.90569883338696,1494.3919388936135,1002.1262426834292,976.0352016790812,198.3977603181676,262.8299865722656,239.75,424.3599853515625,372.6499938964844,289.2799987792969,341.29998779296875,195.8699951171875
2006-02,858.06740017,762.33543812,602.90861435029,284.09381609205906,1534.7444250155208,1010.273217804916,992.058689443074,206.9645611860754,264.42999267578125,242.07000732421875,389.79998779296875,375.5299987792969,296.1300048828125,337.9700012207031,191.66000366210938
2006-03,872.33413023,766.17112521,608.466460465127,296.8891651739508,1581.9101448019917,1037.8681727831167,1026.9442110650257,213.96660611983995,265.3399963378906,242.52000427246094,404.7799987792969,370.6600036621094,309.5299987792969,344.05999755859375,199.86000061035156
2006-04,882.50924158,763.19623549,622.7371943003029,296.88943819022046,1608.371404140046,1054.7817447595155,1035.179786270914,218.44271439294872,268.7099914550781,244.00999450683594,425.4800109863281,358.7300109863281,315.7200012207031,340.1000061035156,206.92999267578125
2006-05,845.1381956,739.67705293,605.0985492495722,279.76149430222284,1509.859964422147,1005.3015395099812,974.6990874864132,204.1189802514861,264.3699951171875,245.19000244140625,411.95001220703125,350.6199951171875,310.1499938964844,315.7200012207031,197.99000549316406
2006-06,852.10950699,742.51033314,606.1374388900387,278.5049207696787,1502.5372217270908,1020.7780239794956,978.3089156318282,200.9521555848916,263.4100036621094,248.1199951171875,420.3500061035156,350.69000244140625,308.1000061035156,310.4200134277344,197.7899932861328
2006-07,823.85624221,746.47499194,612.510122401318,269.2596509455488,1516.534374363075,1032.3731605608898,998.3231606636368,199.1430992521641,254.47999572753906,252.58999633789062,441.2099914550781,369.6199951171875,291.739990234375,298.70001220703125,190.8800048828125
2006-08,816.66090761,764.51163306,627.9753210136146,276.1304849280998,1546.5296246140183,1046.8371555571136,1024.0628540214857,203.8485076770356,259.25,261.6700134277344,423.25,379.5400085449219,295.1499938964844,323.3800048828125,196.02999877929688
2006-09,832.0429214,778.54128089,640.4412896631053,279.0478434130316,1571.6275710791815,1052.4310629326849,1050.9332504112886,209.1874749623809,275.8399963378906,260.75,411.3800048828125,384.9200134277344,306.2900085449219,336.2799987792969,195.55999755859375
2006-10,871.79016065,809.28787877,662.9917791148604,292.7592888049925,1677.319474142185,1090.641923139901,1091.9724090435411,218.85247356181844,293.5799865722656,265.5199890136719,429.739990234375,386.5299987792969,313.2900085449219,350.1199951171875,207.0500030517578
2006-11,906.83930616,824.701942,675.7234390301304,299.530134254763,1682.8988726173448,1079.823457333874,1087.823887500027,225.01246331167832,296.5,262.6600036621094,464.3599853515625,384.42999267578125,320.010009765625,361.19000244140625,215.61000061035156
2006-12,917.72190486,827.72055827,684.5642005789621,299.1775779329368,1771.2940112379445,1104.4829575022382,1141.557441502305,236.63278153821344,302.9200134277344,268.4100036621094,455.5299987792969,388.739990234375,322.6300048828125,356.2799987792969,216.55999755859375
2007-01,951.4871784,837.99148895,700.4790204833722,303.5254041135718,1812.8980378694407,1117.8491553148033,1164.8990197519138,244.90048966527303,311.2900085449219,273.3500061035156,447.1099853515625,400.44000244140625,326.8399963378906,361.8599853515625,226.25
2007-02,922.79232723,814.13939295,686.7352162131485,301.4501845744301,1799.79122672114,1095.7538366832966,1154.033302897646,241.8318014553286,301.8299865722656,268.6300048828125,436.8299865722656,390.3800048828125,321.8800048828125,350.44000244140625,230.83999633789062
2007-03,942.77898732,821.70802332,698.6457047175944,304.899760574013,1881.5508797348589,1137.3008403927795,1185.7649560245077,251.3310939295571,299.92999267578125,272.67999267578125,463.3699951171875,391.1499938964844,324.510009765625,352.3399963378906,234.7100067138672
2007-04,977.36258946,863.29569514,727.761853079242,311.92256404947665,1922.1609400842472,1167.2971701386516,1239.133436838402,258.186701249991,307.4100036621094,281.3399963378906,487.5,418.8999938964844,339.79998779296875,371.3800048828125,239.22999572753906
2007-05,1011.65428157,891.26057829,750.6122732025526,324.860585953764,2017.184091074444,1200.7181616287453,1286.2334688800745,264.7383248715648,315.6199951171875,285.1499938964844,522.8099975585938,424.3900146484375,354.57000732421875,385.0299987792969,252.2899932861328
2007-06,982.63746424,878.43296833,731.8576041497415,319.43980633380727,2013.2595590716408,1225.4161867309926,1289.189990902195,259.1802595634989,310.2099914550781,278.44000244140625,529.7100219726562,409.010009765625,354.5,388.2099914550781,250.10000610351562
2007-07,949.83759953,863.80152954,699.5201789775872,295.6831876022217,1961.685359033815,1186.1236085170317,1235.1865113778322,253.7569595696976,292.1300048828125,271.79998779296875,533.4500122070312,390.9800109863281,358.0299987792969,386.44000244140625,244.3800048828125
2007-08,960.85169246,884.1929523,703.6588108062433,298.54714613352365,1936.4570170436,1179.443174798571,1227.798774105238,243.7492666610033,292.82000732421875,278.510009765625,536.3499755859375,399.8399963378906,357.3299865722656,397.0400085449219,242.47999572753906
2007-09,1027.77915689,912.15902255,716.734365340862,303.6510798651131,2013.5615798831093,1203.4909184992646,1242.3980877501358,232.49074560407348,289.95001220703125,290.1000061035156,579.469970703125,411.5799865722656,373.4800109863281,411.9700012207031,260.989990234375
2007-10,1072.53605608,927.03991637,721.0409600113281,309.94023599705986,2111.756842071964,1226.2006926859078,1270.8541591343303,245.2965263720221,289.9700012207031,294.9100036621094,585.4600219726562,419.2099914550781,371.3299865722656,441.3599853515625,271.4200134277344
2007-11,1035.74709108,897.13064704,690.9952246518463,289.4310518934409,2031.994070320404,1189.7858623366571,1177.0083884369494,221.15262794879723,273.0299987792969,303.3299865722656,562.1300048828125,422.80999755859375,357.4700012207031,405.6400146484375,257.5899963378906
2007-12,1067.42163204,899.62410313,678.2330154877714,287.2467299830884,2027.551276345858,1171.6108736845883,1164.1728418389291,215.23744929446377,259.5299987792969,299.54998779296875,603.0399780273438,409.70001220703125,354.3500061035156,411.6199951171875,259.8399963378906
2008-01,943.22597869,834.86605706,646.8897705456193,269.53500439121484,1798.4883042102952,1048.1233989351676,1012.6231773247116,189.44694430410144,256.1300048828125,283.55999755859375,537.1500244140625,389.6000061035156,338.5400085449219,360.1400146484375,249.3800048828125
2008-02,938.3159226,822.57426123,629.0733528741395,260.9787460599866,1793.0453935605394,1059.8756481175262,1001.0908788037368,194.3003952101308,245.67999267578125,282.8299865722656,572.9299926757812,379.69000244140625,328.1300048828125,345.20001220703125,254.00999450683594
2008-03,933.47475012,817.89929866,608.7665912168959,258.3714915037628,1687.1889515995713,995.7417896216876,977.9812545523364,187.6369172372971,243.32000732421875,291.2200012207031,557.6500244140625,360.7900085449219,338.510009765625,348.3599853515625,250.6199951171875
2008-04,1011.16125308,844.65734857,640.8738043512499,273.0274615243745,1779.6692906214073,1074.7481866188955,1035.0527302517812,193.2453833890068,253.60000610351562,290.1000061035156,618.239990234375,365.9200134277344,343.0400085449219,372.4200134277344,263.9700012207031
2008-05,1050.98600175,865.52436228,652.5026520960545,287.0724759297282,1808.1592070157897,1094.755693223551,1027.6311354067425,194.8779446343211,254.77999877929688,293.82000732421875,637.780029296875,372.1400146484375,345.82000732421875,392.7300109863281,276.1499938964844
2008-06,1035.8996295,808.45307684,589.7402351278007,262.7234776545205,1717.3525007715643,1021.884750384456,912.3384233339378,175.40226380140118,223.57000732421875,273.9700012207031,652.0,354.5400085449219,302.6499938964844,356.3500061035156,260.3399963378906
2008-07,940.68497004,801.01178011,580.6631139740884,265.3969473150039,1602.0216494526828,990.9077687117008,887.0331700368466,167.81372348670126,224.52000427246094,282.8699951171875,560.760009765625,372.0299987792969,307.94000244140625,351.8399963378906,249.49000549316406
2008-08,932.18955085,817.07185177,590.4634661503562,273.0378401991021,1590.2022718822045,999.8336143361824,917.4239532095128,172.83800922594736,240.3000030517578,289.9800109863281,556.0700073242188,378.4700012207031,313.1099853515625,358.94000244140625,242.4600067138672
2008-09,786.91634817,757.25966744,532.7310434139002,245.55908458267007,1345.9601486787938,879.8449585444982,795.2628936807849,144.81622827933887,221.25,285.29998779296875,489.3500061035156,354.5199890136719,275.04998779296875,310.4700012207031,200.66000366210938
2008-10,672.70570009,642.02823587,434.332341972333,193.3498458896981,1262.240400062589,824.5505058114679,686.3330369530946,115.33645845980148,178.6199951171875,253.67999267578125,401.2099914550781,312.6700134277344,222.99000549316406,257.4200134277344,156.16000366210938
2008-11,614.66896695,609.23772485,395.10771887090505,172.07441362401656,1149.7111719329212,776.0216672076169,640.372145962666,105.20347935108629,161.14999389648438,248.57000732421875,402.79998779296875,290.2099914550781,206.02999877929688,227.97999572753906,138.63999938964844
2008-12,622.69492795,614.73095736,415.6870898193366,181.34218398466567,1082.4000959759976,735.2998995917532,617.358831406388,100.95553061006484,169.41000366210938,246.66000366210938,386.3500061035156,309.4100036621094,207.2100067138672,231.80999755859375,137.58999633789062
2009-01,564.84250823,586.56524102,380.8386900364914,164.8433560028991,1085.1791170295935,734.5991438295371,581.2493939815871,102.43546951881628,151.3800048828125,227.75999450683594,374.1400146484375,305.4100036621094,180.99000549316406,224.67999267578125,127.62999725341797
2009-02,507.49060776,535.33257625,323.17083131623093,145.7797292767593,989.4058257759978,677.1708937704811,517.1251916256559,96.07734831537462,138.22000122070312,211.27000427246094,327.5400085449219,266.19000244140625,148.49000549316406,215.00999450683594,116.33999633789062
2009-03,538.86804176,580.63940226,354.8065092068075,159.63871962236152,983.1084391259728,684.4427970881347,532.7939620634259,98.13309324031124,154.82000732421875,218.77000427246094,339.67999267578125,283.0400085449219,162.10000610351562,240.99000549316406,133.7100067138672
2009-04,568.84217403,620.81244442,406.9442441056542,187.3022198279707,1034.8241317374168,732.6470313515209,628.9691468181342,118.82173936885287,183.50999450683594,225.41000366210938,356.0299987792969,280.5299987792969,190.8300018310547,270.010009765625,153.88999938964844
2009-05,592.94976889,651.36177792,443.16008782865777,194.6015065851867,1073.3992781979136,761.9017521312204,660.268343543796,125.431399436984,179.47000122070312,236.02000427246094,391.3399963378906,296.4800109863281,194.19000244140625,273.1600036621094,160.8000030517578
2009-06,606.49948217,660.15493733,443.83993620644,196.4407080033478,1058.107595740614,762.1895013612018,647.303427174458,125.525331782296,182.14999389648438,238.17999267578125,373.8399963378906,306.45001220703125,191.2899932861328,287.6300048828125,154.47999572753906
2009-07,646.02915844,697.60321808,485.8419723596576,214.8890284962471,1148.1367692550773,813.1433830696849,701.9768306809608,135.24953576575274,199.22000122070312,252.85000610351562,389.9200134277344,324.1099853515625,208.97000122070312,313.9200134277344,175.0399932861328
2009-08,653.35263643,711.12680656,517.0949491143188,224.77246388668144,1166.3623567440172,826.1097941313543,753.3843074075534,146.85884122519198,205.86000061035156,254.88999938964844,391.30999755859375,330.7799987792969,217.6199951171875,321.29998779296875,178.47000122070312
2009-09,677.88547956,733.76661544,534.757012774837,238.316021591836,1185.2529320491142,838.022756364815,781.9510587087447,154.06468252986883,216.47999572753906,263.19000244140625,409.30999755859375,333.760009765625,231.9199981689453,335.6499938964844,186.9199981689453
2009-10,657.51494188,734.05776892,519.2065095305609,223.7186627358797,1178.9803331684052,844.5804359459416,742.5135381350973,149.8663835624441,211.10000610351562,265.94000244140625,422.2200012207031,326.05999755859375,221.11000061035156,334.3699951171875,176.9600067138672
2009-11,701.79916311,776.67402695,548.4040992658478,232.1246198447365,1186.8896980984414,854.261835510764,745.0297271349326,148.6533524456674,225.30999755859375,276.1099853515625,434.25,355.42999267578125,240.3000030517578,351.1000061035156,197.0399932861328
2009-12,721.62714198,791.26064921,564.8115243097773,249.38387674638173,1264.8625063856225,920.340609956506,792.4564192944399,157.15397744192254,235.07000732421875,274.29998779296875,429.95001220703125,362.2200012207031,242.99000549316406,370.7099914550781,199.80999755859375
2010-01,675.01778025,756.56352547,548.6993264547551,240.99381098558337,1227.1598282493949,914.494034484587,768.5008260081836,160.4638413285347,228.1300048828125,270.8800048828125,410.57000732421875,363.75,240.05999755859375,339.3800048828125,182.5
2010-02,706.71463749,772.07721765,568.7038750270115,252.3885748450116,1220.749708647635,917.5151059214024,765.7446986128764,157.79747301809363,240.22000122070312,278.19000244140625,418.2699890136719,363.7900085449219,251.0399932861328,353.0400085449219,190.1999969482422
2010-03,758.0895582,808.85934808,601.9411381555975,272.1731085038766,1334.4279186501053,963.43655232433,827.6763912312457,172.02770714793724,258.69000244140625,288.1300048828125,430.30999755859375,372.67999267578125,273.25,376.8900146484375,204.6199951171875
2010-04,762.06525553,815.77619538,607.0184437844954,286.6860792558407,1335.3554943151712,940.1840153457592,814.8527828214376,176.17726533280776,274.2699890136719,283.6400146484375,449.3699951171875,358.1199951171875,284.42999267578125,383.5299987792969,205.47000122070312
2010-05,709.21961198,746.7250127,551.4411667367496,264.3099132619768,1273.821478241715,904.4346309999992,766.5183884754994,163.1354371799718,254.67999267578125,270.2099914550781,396.30999755859375,333.0799865722656,256.4800109863281,351.79998779296875,185.63999938964844
2010-06,670.0613232,716.29292076,510.7375538479649,244.4317838731278,1293.8551615531878,905.6272529561844,749.7736691098085,161.71402524989864,229.7100067138672,262.6400146484375,373.3599853515625,326.8800048828125,238.2899932861328,329.92999267578125,172.4600067138672
2010-07,721.3815546,759.33315631,543.4489488871881,261.7009658264409,1337.3832237145098,921.5428712361704,790.3450805120896,170.14478213801485,247.47999572753906,277.9700012207031,403.1400146484375,331.0,262.8299865722656,353.57000732421875,193.55999755859375
2010-08,688.46386388,731.31698467,513.6610100284669,245.2214437444771,1306.4609889999397,931.0105512196212,771.8395790052983,167.19763183595828,237.4199981689453,273.55999755859375,384.1400146484375,325.0799865722656,243.5500030517578,328.1199951171875,188.0500030517578
2010-09,759.33779934,803.6410011,564.5838177779789,273.52019290278696,1395.3585061748286,953.597558523091,799.6485023211397,176.8725987016502,263.5299987792969,288.2699890136719,419.2699890136719,353.75,270.82000732421875,367.8599853515625,202.2100067138672
2010-10,796.44372532,839.19231045,586.1621708960282,283.816735369222,1428.9761055592437,967.8550952431968,820.7040164588765,183.4122095298028,277.5,296.3800048828125,442.5899963378906,361.0,277.80999755859375,391.5799865722656,215.5
2010-11,809.73685069,836.04548402,579.1248521644998,292.3865563046453,1477.370707609025,967.02640505141,796.0948899484517,183.1683574303481,284.17999267578125,292.3800048828125,465.2099914550781,349.6199951171875,279.95001220703125,384.45001220703125,217.50999450683594
2010-12,842.31766778,872.09314289,624.9891975049538,315.04390716949626,1547.746305041011,1005.6725392816124,838.4448652518628,200.18297079209268,295.5400085449219,303.5799865722656,506.75,364.7799987792969,301.1199951171875,404.54998779296875,239.61000061035156
2011-01,846.2276932,882.79882985,647.6265191035025,318.74114812219216,1503.6004194065429,993.9207618750374,875.7153107662573,199.32595309054625,292.92999267578125,297.8800048828125,541.6199951171875,366.0,313.3399963378906,419.5,238.39999389648438
2011-02,879.03287905,905.43764123,675.0469113935586,334.55090728492416,1547.52443822248,1016.5518253076724,895.1339495151037,201.7764516151041,310.3699951171875,305.79998779296875,580.6699829101562,376.5799865722656,320.2799987792969,429.0299987792969,245.22999572753906
2011-03,895.49770243,904.13138833,679.1037730500017,341.55857070747606,1520.6652295280708,987.505956664848,854.5462131716072,199.14978018673656,308.3999938964844,308.8500061035156,589.3099975585938,383.0,325.79998779296875,417.6300048828125,249.36000061035156
2011-04,929.25828032,944.15278529,693.3879044794918,351.26626273539983,1602.0534503882138,1016.6744922883788,878.2236763190389,204.44608925116736,320.3800048828125,324.45001220703125,598.02001953125,407.5899963378906,334.55999755859375,429.8299865722656,254.47999572753906
2011-05,923.49088193,940.28305176,681.807194915148,345.78308182191705,1587.9076881580909,1034.928459632898,861.2348609873059,203.5715412395025,318.9100036621094,332.1300048828125,570.469970703125,416.3699951171875,324.5299987792969,422.0400085449219,247.0500030517578
2011-06,916.02723367,933.70280632,667.271553324542,337.8728899448039,1569.8446339721645,1005.3100808031668,837.1646152608603,194.7027028800616,317.8900146484375,322.6600036621094,559.4600219726562,410.92999267578125,321.8599853515625,410.9100036621094,245.92999267578125
2011-07,898.00316545,930.24080592,635.4959739031946,324.98199174253057,1543.723160408112,1006.3449793424696,796.1033463027036,188.3406375065049,313.2099914550781,317.3399963378906,563.02001953125,394.7099914550781,299.25,417.3500061035156,237.58999633789062
2011-08,845.22033796,889.98713847,583.8991484132306,296.9404252584791,1384.258570948597,940.762710097632,694.6523791923867,168.18237115856274,296.1400146484375,318.5,506.5199890136719,385.30999755859375,278.8399963378906,391.57000732421875,221.25
2011-09,801.31722852,847.16827733,529.6291402154058,263.90354774170453,1347.9580240522257,912.5275333656906,658.9149176511771,156.09377192032034,275.5299987792969,306.7099914550781,442.7900085449219,367.7300109863281,252.6199951171875,378.19000244140625,184.5500030517578
2011-10,866.53797952,922.21321286,597.2721331046753,303.08625933258475,1431.0556835121731,970.0110865502492,716.2045368002238,166.46201467517145,308.05999755859375,319.8900146484375,517.8499755859375,388.3299865722656,287.7699890136719,421.54998779296875,217.02999877929688
2011-11,867.69412209,924.08518256,590.6037143160725,301.72542976709207,1444.7285962194378,975.663223645716,703.4214907575159,161.3040662557326,302.7799987792969,326.0,520.5,388.010009765625,287.6400146484375,410.94000244140625,214.50999450683594
2011-12,876.85389341,925.84290448,595.3722774523455,301.343356007053,1503.5008971168882,1004.1116235706036,711.0384989852344,161.4835686886358,308.5799865722656,335.5400085449219,520.8099975585938,402.6099853515625,292.4700012207031,409.92999267578125,211.7100067138672
2012-01,893.21778324,974.03322839,628.1390011890949,322.39121344397523,1506.0032130468514,1020.417435050448,746.4713693026173,176.0621295301302,326.6499938964844,329.8399963378906,528.530029296875,414.1000061035156,312.9100036621094,441.04998779296875,235.1199951171875
2012-02,936.24687183,1010.58897107,654.3634234876497,334.0911137197136,1554.8075237908847,1047.2254901270398,769.5837480442445,186.47095894638693,341.3800048828125,341.20001220703125,557.3599853515625,417.9200134277344,319.7799987792969,472.7900085449219,233.83999633789062
2012-03,975.01086778,1045.59687017,669.9746004061251,341.01617712137346,1570.6877295580489,1045.8821565098574,759.0390157913107,186.19385733706392,357.4200134277344,351.8800048828125,538.5700073242188,435.8900146484375,324.1000061035156,497.95001220703125,234.42999267578125
2012-04,991.74310728,1041.2364762,655.8502018830276,337.9421138293619,1588.8724165253464,1047.4424531742245,725.0713230004136,185.6875334358216,360.9599914550781,351.8500061035156,533.1500244140625,434.260009765625,319.80999755859375,487.0199890136719,231.75
2012-05,943.06681229,978.89089422,601.8254158055303,314.60088525199865,1531.6847717014484,1000.0,661.2858380168187,171.26856504970362,339.7799987792969,347.3299865722656,476.510009765625,417.3699951171875,299.4800109863281,448.79998779296875,213.22999572753906
2012-06,970.4496767,1006.76195271,625.8167128694298,325.8949352866297,1585.2763657616183,1036.3530171624002,697.0633624082813,174.4882776510978,344.8500061035156,357.6000061035156,500.510009765625,439.0199890136719,309.0,460.0899963378906,222.07000732421875
2012-07,982.58661027,1016.6924053,625.6160439241348,323.0979426814226,1677.249292103829,1098.109648279001,717.1603800558704,180.5257876944761,346.1000061035156,368.82000732421875,527.030029296875,446.8800048828125,312.44000244140625,468.1099853515625,220.7100067138672
2012-08,993.49446214,1042.05808925,642.0142515799505,334.35412593465554,1676.8510285889809,1098.9044118317863,737.823945632337,184.4640899231944,359.1199951171875,365.9200134277344,533.5399780273438,448.2300109863281,314.5,489.1099853515625,224.89999389648438
2012-09,1010.02276906,1062.0939723,658.8599590201628,342.67647402786463,1678.6343558903325,1104.2326006768349,742.4974572499605,190.1323085076155,370.07000732421875,369.9700012207031,551.0700073242188,465.5899963378906,319.30999755859375,495.25,232.55999755859375
2012-10,985.30831668,1022.67689535,654.8024303671538,337.79018168364195,1682.0809008062151,1098.8515735968142,756.2858781746692,192.0981086669209,364.2300109863281,364.9599914550781,539.9400024414062,463.30999755859375,317.2300109863281,460.8500061035156,227.63999938964844
2012-11,1000.0,1030.44335053,650.6100722345177,341.8952956044025,1735.755819832789,1125.008739011946,768.1076990200459,192.93391078797217,374.2799987792969,369.70001220703125,529.22998046875,464.3900146484375,321.45001220703125,463.989990234375,230.6300048828125
2012-12,987.6858044047874,1033.4833223508676,678.4219370832683,350.4992389696461,1739.5743175818775,1132.288007512136,792.7773645826165,199.8604724544659,373.1499938964844,357.9599914550781,527.75,459.45001220703125,326.010009765625,460.7200012207031,236.3000030517578
2013-01,1028.8661357142355,1085.4533391462635,722.457521742982,373.5662849571241,1785.0010855772628,1151.7577841338075,821.3868859649045,205.592301869828,397.2699890136719,381.1199951171875,573.4099731445312,496.5400085449219,347.2200012207031,470.04998779296875,246.5500030517578
2013-02,1048.1836607398209,1098.0694089111944,733.6880576651408,377.6385693875082,1854.20400981351,1177.741261927304,808.0315650305761,213.4226179805332,403.44000244140625,394.6199951171875,576.219970703125,505.67999267578125,356.04998779296875,474.75,243.33999633789062
2013-03,1099.367588459717,1132.6870063282026,772.4720255715159,394.4052723762816,1932.4659670587284,1217.8468803262624,804.7183816307698,215.60263197238805,419.4100036621094,409.5400085449219,587.6199951171875,531.4099731445312,360.95001220703125,482.30999755859375,247.13999938964844
2013-04,1129.4155305844392,1156.0011706380924,786.5043880466714,394.2215967431557,1931.657507290981,1214.1687830905962,822.3773116061875,215.8445694884797,432.6000061035156,422.3900146484375,578.8400268554688,548.2899780273438,358.8500061035156,487.3699951171875,248.8699951171875
2013-05,1125.8632236571743,1185.155717705425,816.7892724709001,407.8529574031495,1922.152416116396,1208.6386638268343,849.486779091862,222.5535591991676,443.9599914550781,412.29998779296875,590.8599853515625,555.9500122070312,375.4200134277344,508.0,255.44000244140625
2013-06,1113.6824182721125,1152.6187069362768,811.9083090098412,403.76637858826217,1855.3064088568565,1159.0669144435212,794.8244570100691,212.2222617731693,448.9100036621094,412.0899963378906,580.6599731445312,555.8900146484375,371.8399963378906,489.2300109863281,242.4600067138672
2013-07,1181.780600938242,1201.9105123268753,860.509648814076,430.0866452280184,1928.976677840121,1196.3866851941416,844.9044694753807,225.83462786013115,470.2699890136719,425.6600036621094,607.4600219726562,590.25,390.67999267578125,509.2699890136719,254.9199981689453
2013-08,1139.110179380296,1174.9508994406604,830.7257560539146,416.27613484965786,1880.813103677492,1190.574592414997,843.2012739723089,228.04441759442105,456.17999267578125,406.32000732421875,594.8400268554688,568.02001953125,379.8999938964844,504.9800109863281,254.42999267578125
2013-09,1173.5341027662805,1217.9473417857373,852.774777420668,440.2061490012,1955.4208608111248,1228.2489715070856,887.0415284824801,239.9056312945061,480.29998779296875,410.239990234375,604.8599853515625,586.02001953125,400.70001220703125,519.260009765625,265.010009765625
2013-10,1233.4092676828004,1274.788051701265,893.0983052782125,453.9407347115917,2024.5791374126893,1254.4261978079378,930.1923212624056,250.7471457223239,502.3900146484375,435.3800048828125,629.489990234375,610.6599731445312,420.9200134277344,542.6300048828125,275.8999938964844
2013-11,1268.740800522423,1322.7271633660075,927.0745434475816,467.20149947807874,2056.5425779788097,1262.379764104223,941.1499584792894,255.17589503247584,519.1400146484375,441.5799865722656,632.6599731445312,638.0599975585938,434.9100036621094,562.3599853515625,278.8800048828125
2013-12,1305.8290859473611,1353.693808895792,950.049525353546,477.6512741614728,2100.124154542992,1273.4716216426004,946.7525296717434,260.6543985102214,530.0999755859375,442.6199951171875,651.6699829101562,642.2999877929688,452.4599914550781,585.47998046875,291.6400146484375
2014-01,1276.2713925975036,1297.1964903174703,917.2621274265224,468.1784483631729,2082.956321358177,1245.7062899999253,942.0696945072524,262.67634576446784,498.4800109863281,419.1499938964844,610.4400024414062,647.9000244140625,431.9700012207031,570.3300170898438,278.0400085449219
2014-02,1359.330620226887,1356.488848830118,950.8557807146304,491.0579805815523,2206.054644996728,1307.7045899096668,983.571357611224,279.7112948868581,528.8300170898438,433.7699890136719,638.3599853515625,686.4500122070312,447.1600036621094,595.0900268554688,296.6400146484375
2014-03,1312.595670228171,1348.4660044638583,974.0643418362234,487.9759983105573,2131.4057064093968,1293.88531449202,976.9615847732364,275.9837060097944,513.3599853515625,441.9200134277344,652.9000244140625,677.010009765625,450.69000244140625,596.3599853515625,298.3500061035156
2014-04,1300.474802640763,1360.2269321972506,976.1802610718956,474.9375988919042,2123.177078918673,1315.1752529308017,989.9891235339908,271.3599182147942,506.1099853515625,453.8500061035156,686.2899780273438,672.9500122070312,457.42999267578125,597.5900268554688,300.4200134277344
2014-05,1350.4229092750816,1385.6340998991714,1000.0,479.33497637001545,2194.977307326816,1341.222900652456,1000.0,276.5413353092175,519.9400024414062,461.7799987792969,693.4600219726562,690.239990234375,465.1400146484375,618.4500122070312,308.92999267578125
2014-06,1377.0300027840303,1392.8043949145804,1025.8261713076488,503.3355272268032,2207.5511320845703,1353.408039703783,983.030879887494,273.14147326818164,529.4299926757812,459.3299865722656,727.6300048828125,704.52001953125,465.6099853515625,632.4600219726562,313.44000244140625
2014-07,1361.7050899598562,1380.9493539462226,1020.348442431878,477.6709942560474,2161.8822688698265,1339.1003759258408,968.284587086122,266.0327198667628,522.1799926757812,443.510009765625,702.8699951171875,704.3699951171875,446.3999938964844,641.3200073242188,307.19000244140625
2014-08,1422.402257791574,1438.941865713654,1059.6816447890596,501.7972717929456,2201.69572697752,1364.4612860127122,977.6548752407576,269.58980625497406,544.8099975585938,463.7900085449219,715.719970703125,737.5999755859375,464.0,664.8900146484375,318.0899963378906
2014-09,1412.294044484194,1423.2034336409886,1040.0848755965037,474.6957040174712,2232.0592786430234,1371.435970376417,980.3209331964796,264.8876610831663,528.9000244140625,465.07000732421875,661.0499877929688,739.9600219726562,458.1099853515625,659.9199829101562,312.57000732421875
2014-10,1444.5495974487549,1463.1933156535029,1049.8526237337587,496.4560516075265,2188.822683644538,1360.5025988360208,950.684519322736,260.70860287248485,539.9500122070312,480.8999938964844,641.3200073242188,778.8499755859375,474.8299865722656,670.8699951171875,304.3900146484375
2014-11,1496.639015716961,1493.723630185508,1083.8548007626832,499.840630835154,2278.6276964631493,1412.1013818578883,980.052711453247,266.53616718487854,568.4600219726562,506.5,584.5800170898438,803.6500244140625,488.1000061035156,704.2000122070312,308.0299987792969
2014-12,1478.5644796527445,1487.4586622582724,1093.7850779368282,506.3883161409714,2255.446634003586,1401.917766445773,966.3541137500566,271.96839155747466,572.75,499.5799865722656,586.5900268554688,791.969970703125,486.4700012207031,691.9500122070312,305.2799987792969
2015-01,1469.6185384940588,1461.461054831094,1036.6662930570835,493.995655585889,2464.9742049030933,1531.0479961682258,1035.818875366739,288.787947146216,554.7899780273438,493.239990234375,557.9500122070312,801.260009765625,468.5299987792969,664.9199829101562,299.2200012207031
2015-02,1546.5173981159169,1545.3525455399067,1097.638024101812,523.2658690522863,2592.2560831129704,1620.7062275149644,1120.5733209972689,314.6248810844604,601.7000122070312,513.8200073242188,577.510009765625,834.3599853515625,492.8900146484375,717.4099731445312,322.6099853515625
2015-03,1526.7588090968034,1519.8849605253242,1079.8907811218294,529.0030747575465,2660.6926015556064,1632.7308279266556,1135.8217825575084,319.9859557566048,597.8599853515625,501.3299865722656,565.760009765625,840.72998046875,479.6600036621094,693.1199951171875,306.510009765625
2015-04,1512.9877817387803,1523.4421638235776,1084.8462017284835,519.491940885946,2607.5828581919545,1622.8456781015138,1120.9736774991427,322.9150683005027,597.2999877929688,496.489990234375,602.8900146484375,828.8499755859375,479.260009765625,708.9199829101562,315.92999267578125
2015-05,1559.596221719678,1541.0251882252005,1104.1021500698048,529.5430304728698,2665.4461872593715,1650.354858778055,1122.6426146943254,332.89212391391084,604.4099731445312,500.0899963378906,571.4099731445312,864.75,479.4800109863281,723.4099731445312,316.7200012207031
2015-06,1553.7077755060548,1508.971081082026,1066.851365558187,526.1656190523242,2551.11552980586,1564.8127643885225,1070.7050598253222,322.3040014311732,607.2100219726562,489.2699890136719,551.1099853515625,861.1900024414062,466.3699951171875,691.7999877929688,303.5199890136719
2015-07,1612.6951356233849,1552.72415445733,1060.3921024469444,522.5536607197242,2685.461373585036,1647.1350930582544,1107.069782726028,333.00587030446525,635.8099975585938,515.2000122070312,508.04998779296875,884.7100219726562,467.0400085449219,712.030029296875,288.239990234375
2015-08,1514.925185528104,1464.7056348943572,993.4345686909217,491.264454247911,2472.102581784601,1508.4976613001106,1004.9924209595598,315.15274308229584,594.0700073242188,484.2900085449219,484.2099914550781,813.510009765625,440.67999267578125,670.6199951171875,271.5899963378906
2015-09,1483.867512646968,1451.9925826715428,963.127627392204,467.33924844905,2406.84780394045,1485.0735939743895,936.8681965791131,304.93375928521624,589.3699951171875,484.9100036621094,451.3299865722656,766.0599975585938,431.7799987792969,663.5499877929688,250.89999389648438
2015-10,1590.8877876545716,1585.4212787279348,1032.8450511672145,493.2673367768943,2550.9528846143644,1598.3576310852234,1014.5624262296462,323.88915923963367,642.3400268554688,512.22998046875,502.1099853515625,824.989990234375,471.1600036621094,734.3300170898438,284.6400146484375
2015-11,1597.341917260234,1584.6856339918768,1023.2222824707552,502.97371901733607,2624.052645333514,1647.9762108150378,1039.3823453814323,336.93979194014764,640.02001953125,505.7099914550781,498.260009765625,820.0399780273438,474.0,738.6900024414062,286.30999755859375
2015-12,1594.0031057806927,1563.349856644614,999.7068268622096,480.3269145283992,2536.872250344868,1576.3478797193206,978.4091041527972,329.01408598527723,621.02001953125,518.4199829101562,448.44000244140625,833.22998046875,463.5299987792969,721.47998046875,273.6400146484375
2016-01,1534.9248415517263,1489.8134020526854,916.3110562806744,442.3374203557813,2433.422968497659,1503.7014877683748,900.931554887953,301.9646259556275,588.780029296875,520.739990234375,434.6700134277344,769.47998046875,436.6199951171875,686.1599731445312,244.58999633789062
2016-02,1512.6724045242054,1483.7720880802813,925.0020575530922,445.421194042793,2371.7301700188173,1477.1851273680093,881.4076607563486,300.1336980280402,590.1900024414062,521.0599975585938,423.5400085449219,764.030029296875,451.9200134277344,675.6300048828125,262.4599914550781
2016-03,1589.737710195402,1574.7534160708783,987.9948027011244,482.3401710947893,2399.5187664567725,1485.1539785862014,895.1113722679286,309.3794728402784,628.4400024414062,543.5599975585938,462.4100036621094,783.8499755859375,483.6400146484375,737.1199951171875,281.80999755859375
2016-04,1578.6006521197942,1552.1284631008164,994.0543329189428,490.5470737747786,2371.223865078756,1487.551495529842,916.6351255433052,310.239032240026,628.760009765625,535.6300048828125,502.4200134277344,806.3400268554688,487.6499938964844,696.8099975585938,295.6199951171875
2016-05,1615.5231686016175,1568.7374622596508,1005.6488521987484,499.8659988524848,2452.4041685327584,1531.2008047878348,922.2459346555556,321.4822856833491,628.780029296875,539.0700073242188,496.5400085449219,822.3599853515625,483.7099914550781,733.5700073242188,293.989990234375
2016-06,1660.6818723002978,1556.9429247410887,991.7997137104336,499.28994545351975,2415.0853169473726,1493.514419846856,860.8247972093017,292.1021139389203,620.4099731445312,564.989990234375,512.3900146484375,829.4500122070312,487.510009765625,713.0399780273438,290.6199951171875
2016-07,1703.6226378366853,1629.945853968999,1035.2819016464457,524.9763058936443,2493.093755340937,1548.4913757717925,901.8958350841408,308.04085866925146,647.8099975585938,560.030029296875,502.2300109863281,869.780029296875,503.8299865722656,768.739990234375,305.2900085449219
2016-08,1675.7664244044115,1625.445793694786,1044.3900642742988,529.0379632473633,2449.069453815692,1527.732592310403,908.098594310324,312.4203136816421,638.6300048828125,556.260009765625,505.45001220703125,839.280029296875,506.25,782.9000244140625,304.3800048828125
2016-09,1681.2285887480332,1632.7547313073214,1050.532995735869,531.2155606344527,2497.1888856379137,1519.4230452696804,903.8038688805608,315.0434277047866,635.9600219726562,546.5399780273438,520.3499755859375,833.7899780273438,504.8699951171875,801.719970703125,299.8699951171875
2016-10,1646.3190096804676,1598.0846909056738,1036.324087544422,508.584077859945,2432.944323409854,1448.6404590071686,921.7084395212444,306.7217925229586,620.52001953125,541.27001953125,504.8900146484375,778.77001953125,494.44000244140625,800.6400146484375,293.239990234375
2016-11,1633.2106412369978,1632.304216824517,1105.130930571842,554.803169280978,2439.4938334209305,1453.254427762687,934.543443592348,309.9867166242153,648.5499877929688,516.8099975585938,544.6699829101562,792.1300048828125,536.3599853515625,795.8900146484375,312.55999755859375
2016-12,1648.7649622865315,1654.4011164964943,1127.5311898614034,565.7543348402859,2542.808055685888,1521.6562879932512,1002.0497053865028,324.7857849397621,647.8200073242188,531.7899780273438,554.5,796.9099731445312,538.0700073242188,807.9500122070312,312.1600036621094
2017-01,1702.1833959053397,1682.6056596422095,1141.2661863491571,573.4535986879706,2566.124476733712,1520.029510984445,999.2264760031252,327.58279260021567,674.9099731445312,539.510009765625,534.3400268554688,814.0599975585938,545.4299926757812,843.030029296875,326.489990234375
2017-02,1762.323867039222,1758.1784168086035,1190.6088440089482,586.062118209723,2638.636763485125,1589.410065787181,1020.584808607311,338.1330451623318,687.2100219726562,565.7899780273438,519.739990234375,864.6099853515625,563.989990234375,884.0499877929688,328.1300048828125
2017-03,1797.5753063595705,1768.664062674782,1174.688687752877,584.5774786189571,2687.2793423776816,1631.2609327134571,1047.8584226725716,346.36520143642485,700.239990234375,561.7899780273438,514.010009765625,859.75,559.6300048828125,906.2100219726562,328.7300109863281
2017-04,1841.6114587978016,1798.6454848822434,1175.4610705188582,589.5910215747924,2711.2102069939856,1655.871753252371,1057.1229668734445,361.7358222493659,716.72998046875,566.5399780273438,498.95001220703125,872.260009765625,569.1799926757812,928.3300170898438,333.1700134277344
2017-05,1927.268050140845,1828.9115551058128,1170.4671462486078,581.1932051778605,2725.931662920897,1686.7952560390286,1055.5548456622232,363.40654371454656,723.760009765625,581.5499877929688,479.19000244140625,877.5499877929688,575.9500122070312,966.8400268554688,332.25
2017-06,1932.7785927611428,1809.493867050507,1182.663143764279,595.2038371507889,2676.27868387994,1627.9962255955577,1025.196250802839,353.6401769305266,714.0599975585938,566.8300170898438,477.9100036621094,916.9299926757812,582.9199829101562,940.280029296875,337.4200134277344
2017-07,1997.533986512233,1836.237587486837,1204.116569173363,602.5573881388898,2679.51719150208,1583.5123288236662,1027.3947205905872,357.08774974677755,726.6500244140625,569.0399780273438,489.57000732421875,923.1099853515625,582.989990234375,980.4000244140625,342.0199890136719
2017-08,2023.6039253188044,1850.0160062385903,1202.9365893380243,597.215803772081,2673.3153491544367,1580.2610136851995,1008.0043090767922,354.5018789795712,712.1300048828125,561.8099975585938,461.6099853515625,938.280029296875,582.010009765625,1012.1400146484375,344.6700134277344
2017-09,2079.570912423784,1887.027670921156,1243.5017158037035,625.9123220333537,2794.772188686674,1636.1151045586284,1053.2051135784136,370.1163904771137,717.469970703125,555.3900146484375,506.7200012207031,946.3099975585938,604.3800048828125,1018.1500244140625,356.1499938964844
2017-10,2181.4990034760813,1964.779698865295,1273.86350207585,634.9228537615788,2882.1778557530743,1668.9515221514564,1074.514688870521,377.4505397892323,731.969970703125,546.5499877929688,503.07000732421875,938.3499755859375,605.2899780273438,1096.280029296875,369.69000244140625
2017-11,2238.099605672925,2025.996875123871,1323.8217569710712,652.1591647018959,2764.6939686065007,1628.412009625129,1057.8809159344728,370.198885065587,767.8200073242188,576.0700073242188,509.2799987792969,963.6400146484375,626.6900024414062,1106.52001953125,372.44000244140625
2017-12,2239.37676519193,2045.6810342681545,1343.080711665146,653.797540260099,2759.037244043808,1640.104897201523,1066.2609529420115,378.84986313226494,785.3300170898438,587.3900146484375,533.4099731445312,956.3200073242188,637.8099975585938,1106.1800537109375,378.94000244140625
2018-01,2420.974944326684,2165.9846792657604,1399.5223366897822,670.5725103378767,2844.6575540066174,1637.9978390843407,1087.704067062496,386.0858042789492,857.8800048828125,595.6500244140625,553.4500122070312,1019.0800170898438,671.3200073242188,1189.8800048828125,394.5
2018-02,2383.047435746191,2107.46252633232,1350.6553141879103,642.5866871447533,2741.112491083388,1563.4447609272986,1046.6463377037123,374.8251467030201,827.3499755859375,548.97998046875,490.6700134277344,971.8800048828125,642.760009765625,1188.550048828125,372.9200134277344
2018-03,2294.160669764555,2062.993408759788,1317.051077673822,648.1702867959997,2680.2196740937075,1542.8939104926803,1013.1734318316136,367.6297947306012,806.969970703125,541.72998046875,498.2900085449219,940.72998046875,624.9500122070312,1141.6199951171875,356.3399963378906
2018-04,2308.652900622088,2030.7786920318752,1321.2096562134238,650.6078510831918,2781.34567788048,1592.6066901797108,1065.789553732964,380.8872211563774,825.3099975585938,517.25,544.5599975585938,951.27001953125,607.1699829101562,1141.97998046875,356.7099914550781
2018-05,2384.997511810896,2098.446290520767,1342.7993706951904,685.7000380783945,2810.501864527835,1627.1569731159648,1041.2759655479088,385.31649400320106,840.760009765625,508.010009765625,558.3499755859375,951.4500122070312,623.489990234375,1223.449951171875,363.2200012207031
2018-06,2380.5719055119525,2107.8309861460625,1326.6848381106142,690.0573292577421,2785.015569228489,1614.029592901055,1019.9758512079292,380.1823182811796,870.22998046875,529.0800170898438,561.5399780273438,965.780029296875,602.0999755859375,1218.6400146484375,363.6499938964844
2018-07,2422.4741934103627,2181.553770278809,1370.112273686281,701.5144677026448,2852.228627095344,1665.6844804897055,1054.6092864412594,384.8265839451077,885.1500244140625,549.5999755859375,569.1599731445312,1028.3900146484375,645.780029296875,1243.449951171875,374.3800048828125
2018-08,2560.942124966964,2267.073852697542,1415.8327029999189,731.5903653483088,2849.235574925769,1663.4631787235214,1004.6573249428528,382.3089972188002,929.22998046875,551.47998046875,547.5800170898438,1071.3800048828125,645.719970703125,1327.2099609375,371.6000061035156
2018-09,2583.6045370637426,2281.112784268068,1411.0530958897714,716.6232875151438,2873.798890009175,1654.5746074027338,1015.5378381482528,374.6371605553152,938.22998046875,554.9099731445312,560.9099731445312,1101.3599853515625,659.0700073242188,1322.0699462890625,363.1199951171875
2018-10,2327.5466582088407,2117.946160337201,1326.4675007321018,643.3263980061889,2668.629577906947,1565.0472539955492,966.561970277988,345.79907624950454,831.969970703125,566.6799926757812,497.3699951171875,1026.699951171875,587.5,1215.6700439453125,328.69000244140625
2018-11,2355.978868605085,2138.074607789602,1315.0844229078298,654.3883749734614,2554.8427454337384,1558.4763195233324,953.8042558382176,333.6169331083696,853.5900268554688,576.4199829101562,486.4200134277344,1096.8399658203125,607.8699951171875,1189.8800048828125,341.1099853515625
2018-12,2172.6128004893435,1958.7132177249705,1164.617555190229,579.4694485399626,2434.284634182356,1483.151811486214,891.4262558799545,311.89692452596256,781.5,521.8800048828125,424.07000732421875,1001.1799926757812,542.1599731445312,1088.31005859375,316.6199951171875
2019-01,2314.173285989433,2114.386493975319,1277.9661591463328,646.8037192817866,2585.198213067275,1568.38965588447,954.0150772707908,339.72082556757545,861.4500122070312,547.9400024414062,470.80999755859375,1047.8699951171875,603.739990234375,1163.1600341796875,333.9800109863281
2019-02,2392.806979942361,2209.057099795152,1298.5835217356591,677.4192296743513,2674.888940276622,1645.4242456761167,984.770751507811,351.0939390684768,867.030029296875,559.5599975585938,479.94000244140625,1058.77001953125,640.3300170898438,1240.22998046875,344.04998779296875
2019-03,2441.167567658724,2279.4267531532323,1283.4319911665075,669.3299269408964,2764.6852236075,1703.9620036528947,984.72290871583,355.16891898225623,901.2000122070312,580.1099853515625,489.45001220703125,1062.469970703125,632.3599853515625,1299.1600341796875,347.2699890136719
2019-04,2494.3352253709413,2379.530495985535,1325.369094982271,691.7432650424279,2789.7910071786823,1750.7763372971845,1012.9380537984732,369.6637005159239,952.1400146484375,593.6400146484375,489.3800048828125,1033.3499755859375,657.969970703125,1381.760009765625,359.8399963378906
2019-05,2432.8315087235483,2213.585280143019,1193.3750537314174,639.3280428783426,2718.880710408771,1678.5537769100113,920.169555272488,345.8003497347317,878.5399780273438,569.9299926757812,432.1000061035156,1007.0,604.7999877929688,1258.5999755859375,329.32000732421875
2019-06,2581.4394370155874,2364.961887566212,1303.8772378711024,681.6910942118304,2853.2755088579247,1763.315278089913,956.7183676656824,355.0212575037242,945.5800170898438,597.3400268554688,471.2799987792969,1072.469970703125,651.6900024414062,1372.56005859375,367.1400146484375
2019-07,2625.1048822647786,2423.8917021622105,1323.3751744925569,690.344003141362,2856.775049220127,1773.5647608559257,956.5469446119596,354.0618954374661,954.0900268554688,611.22998046875,462.4700012207031,1054.0400390625,655.5700073242188,1417.3499755859375,365.5400085449219
2019-08,2629.4589397845075,2384.781696687111,1259.9669184649315,660.6678594659577,2866.7416467799267,1775.4489628716403,926.5287128789166,347.649598819929,940.469970703125,621.27001953125,422.0899963378906,1046.739990234375,636.239990234375,1393.25,354.2799987792969
2019-09,2594.481762039852,2414.7319373346163,1318.0100640090982,670.9519653096874,2927.459302054308,1813.647280945832,976.4874568756674,359.4305799258887,947.27001953125,629.3800048828125,437.1300048828125,1043.3699951171875,654.8900146484375,1413.3599853515625,364.6600036621094
2019-10,2607.7088954456995,2485.2075198886896,1352.331009997306,682.396546587569,2949.7822529794744,1845.507321680785,985.1570416249804,367.8960106841412,950.010009765625,627.2899780273438,426.6600036621094,1095.5799560546875,661.3300170898438,1467.199951171875,364.7300109863281
2019-11,2692.0710281895645,2588.4098445291565,1397.418371128599,708.7869400747908,3033.683701433108,1902.7816037422183,1019.2983198066448,384.43911398403225,960.7899780273438,634.0900268554688,431.3699951171875,1148.68994140625,688.719970703125,1542.97998046875,375.239990234375
2019-12,2737.363538684714,2680.536505764263,1441.311955262798,725.9131379908742,3093.649614173038,1946.18220178834,1044.9254001172424,400.4070479081042,986.2899780273438,646.969970703125,456.4599914550781,1188.199951171875,687.5999755859375,1611.1700439453125,385.8500061035156
2020-01,2835.071478630952,2693.692277637671,1383.6832646703706,706.1202830777852,3151.332170763352,1953.349870648294,1012.7034671155564,393.32438531567846,992.010009765625,648.25,405.45001220703125,1153.9599609375,684.1199951171875,1673.9100341796875,361.989990234375
2020-02,2622.738241817449,2486.8479541367105,1246.334585537575,643.7504082214035,2951.8517957692734,1795.4904291573375,915.040858501102,361.5774677274025,915.77001953125,595.2100219726562,343.5299987792969,1075.6600341796875,618.3900146484375,1549.239990234375,330.6700134277344
2020-03,2320.4565872063754,2268.286777818721,1012.6238029262656,496.69920588809816,2667.086078157635,1630.4261872412767,726.7349263009836,284.219386761466,793.1099853515625,560.3300170898438,223.39999389648438,1032.9000244140625,499.1199951171875,1414.3599853515625,283.2300109863281
2020-04,2590.246666371819,2532.2422670423502,1124.9034294547278,570.1730572172578,2837.575171271305,1735.5045417233882,781.6924862620809,315.7565513437011,955.8099975585938,597.5599975585938,289.6499938964844,1162.030029296875,542.3499755859375,1608.5999755859375,326.54998779296875
2020-05,2741.85921067662,2676.320809562435,1160.9050764497372,610.096188792716,2974.362599924368,1792.4408731503047,799.2763164713348,331.1402610931545,1002.2899780273438,605.780029296875,291.5899963378906,1198.1400146484375,570.1500244140625,1718.489990234375,348.3800048828125
2020-06,2859.1880396543934,2704.2997001750346,1161.975225268709,628.7908631227756,3050.394918945843,1813.9197750652272,833.1437452697685,334.9269199580867,1051.4200439453125,601.3300170898438,287.4599914550781,1167.800048828125,581.0,1840.0999755859375,354.8299865722656
2020-07,3053.471021325673,2825.0624184228136,1169.760766120634,653.456240883584,3087.860125410049,1794.8081128828671,791.1206388352234,338.28838138885874,1145.81005859375,642.010009765625,272.0899963378906,1228.5799560546875,605.8800048828125,1942.3900146484375,379.7699890136719
2020-08,3345.130867075794,3049.110022814845,1212.1159589819763,682.3672143039357,3138.984439843276,1849.2234464826809,818.5447682549514,357.0183876268265,1253.9100341796875,671.530029296875,266.5,1259.8800048828125,656.219970703125,2172.199951171875,395.69000244140625
2020-09,3213.6078311482643,2957.630301186266,1185.3102752477066,661.7899714015198,3167.5069331091618,1872.4116086876595,798.9402498931888,354.5141177326132,1207.68994140625,659.1400146484375,227.49000549316406,1231.02001953125,650.6799926757812,2054.56005859375,400.010009765625
2020-10,3078.067361213017,2839.20222375237,1168.5644320418644,677.8232838738572,3059.931857326085,1781.3872493936378,752.16701450696,338.7270729600048,1172.030029296875,639.4600219726562,216.82000732421875,1184.3199462890625,641.010009765625,1948.6600341796875,396.8699951171875
2020-11,3392.431879449053,3140.8482975586508,1356.74396838668,789.42966271769,3256.4673917260475,1956.6595507864547,905.9842168561694,389.5886677430591,1271.4200439453125,686.3699951171875,274.4200134277344,1276.31005859375,741.25,2168.10009765625,445.4100036621094
2020-12,3507.76942614515,3240.996939769544,1394.8553517809264,850.1893847802497,3381.046847826594,2015.8787595419333,925.8840542067552,412.522494335993,1302.56005859375,696.3200073242188,286.1400146484375,1324.010009765625,749.5399780273438,2291.280029296875,455.7099914550781
2021-01,3566.2757310004818,3156.482049853895,1437.5393909645306,881.9471005900493,3391.287077901408,1993.0436350220243,925.9582258151293,413.975173253306,1307.6400146484375,659.25,296.5199890136719,1340.9200439453125,717.010009765625,2269.1201171875,444.8500061035156
2021-02,3543.555016764978,3225.181675990106,1534.6592904662407,938.3384796472078,3380.5450093414383,1992.172598154341,968.0195330684138,429.8252810972718,1294.469970703125,649.3900146484375,360.19000244140625,1311.27001953125,764.5499877929688,2293.39990234375,461.1099853515625
2021-03,3498.41469083873,3352.779135960366,1642.3920336688768,956.785555255596,3576.2908203610605,2107.3115704392426,1046.0082735626374,451.3255707319353,1340.9100341796875,699.4600219726562,369.8900146484375,1360.3399658203125,831.97998046875,2331.06005859375,494.7099914550781
2021-04,3746.6353068401777,3505.451176516249,1667.381623953579,991.9637055531624,3693.870321945418,2182.3145357121025,1040.1535514574423,466.558328967424,1435.8900146484375,713.6900024414062,371.6000061035156,1412.9200439453125,861.510009765625,2452.6298828125,521.0499877929688
2021-05,3683.506833274278,3531.8171683231058,1711.6576909872192,990.124422865013,3719.477260350632,2229.368102876645,1068.440098187932,474.4691511631361,1380.0799560546875,725.4600219726562,389.82000732421875,1437.43994140625,886.4400024414062,2426.929931640625,547.3200073242188
2021-06,3751.371005799108,3700.325932860698,1683.8225166415252,1003.6680300325144,3735.035909574769,2309.258497964893,1069.2474938529429,471.1974572992941,1431.8199462890625,721.6199951171875,407.3699951171875,1468.93994140625,866.239990234375,2594.47998046875,517.02001953125
2021-07,3783.258176850678,3829.154688282748,1666.126041477468,981.5811116602272,3867.304477410105,2391.687312796544,1072.6842860299,488.061109884749,1438.7099609375,738.719970703125,372.989990234375,1538.5799560546875,873.5900268554688,2693.550048828125,527.3499755859375
2021-08,3937.535140448864,3942.792457875846,1675.859873930559,1003.0039502577632,3927.146859014405,2439.598313160459,1093.2325783897315,504.6400486247432,1468.0899658203125,748.1400146484375,362.260009765625,1573.6099853515625,881.6400146484375,2786.10009765625,536.52001953125
2021-09,3797.672048480312,3687.940235411361,1614.0473488330397,972.8367785970167,3790.012695766878,2309.6995024220337,1070.7320842176534,481.6817967904639,1429.68994140625,714.5800170898438,395.8800048828125,1483.989990234375,826.8300170898438,2623.830078125,496.6400146484375
2021-10,4119.982533084401,3942.0653859724152,1650.2783285894022,1018.3265437314782,3990.9529624549177,2438.596383705998,1107.2547404471036,498.1060164662475,1585.719970703125,741.0900268554688,436.19000244140625,1559.3199462890625,883.2999877929688,2836.8798828125,534.4099731445312
2021-11,3954.607682339846,3932.812597898405,1631.1138152787958,973.3313676867032,3898.6607406602207,2402.3983935193414,1066.4450197274994,481.7902503327879,1615.8299560546875,731.760009765625,410.70001220703125,1510.449951171875,850.5399780273438,2956.85009765625,530.6799926757812
2021-12,3931.368161642364,4085.8875991918953,1756.0595674224924,1004.8562100687463,4065.975165670541,2527.3348202433904,1139.9322751696357,502.2728125503401,1610.760009765625,804.5999755859375,422.739990234375,1643.9200439453125,894.9600219726562,3055.449951171875,569.6300048828125
2022-01,3572.49058737275,3779.0132870480097,1717.615927290782,923.6958277836226,3776.8083905433737,2329.031383520973,1169.3331095107303,468.1876431561461,1454.449951171875,792.3800048828125,502.92999267578125,1530.4599609375,852.3400268554688,2843.8798828125,530.5800170898438
2022-02,3473.8075554969296,3579.58936705656,1676.457887873541,932.0052006969164,3639.297595064269,2286.841388923573,1128.0194162131252,449.4931379773054,1395.4599609375,780.489990234375,534.9500122070312,1513.199951171875,842.72998046875,2701.14990234375,523.0
2022-03,3631.945327614291,3714.214987035453,1677.6300601188063,942.33247819197,3724.9244328559935,2304.666550655269,1118.6130633648,451.8512507493402,1462.68994140625,791.469970703125,581.9299926757812,1594.81005859375,870.4600219726562,2794.080078125,553.4500122070312
2022-04,3171.2772171406345,3381.7813665965145,1577.7987760473602,862.9679673339735,3599.52074524364,2272.3865529040777,1108.3357076944028,441.01539008501607,1272.1500244140625,810.5,572.4099731445312,1518.449951171875,804.5599975585938,2478.0,533.969970703125
2022-05,3175.7251642408414,3359.5891723562545,1634.7389896470802,862.9617049048348,3508.1096031915304,2176.554011328455,1123.1499439122654,430.904469164477,1209.6800537109375,772.2000122070312,658.0,1537.9200439453125,798.27001953125,2452.889892578125,539.0599975585938
2022-06,2963.685853662824,3102.16873752608,1451.1828728155829,783.2135394677344,3308.079462308968,2034.5559988725504,1006.684666375852,379.1035212914662,1077.780029296875,750.0499877929688,546.239990234375,1494.31005859375,738.4099731445312,2222.9599609375,463.1600036621094
2022-07,3112.4613413673887,3370.504421083172,1533.3402782328685,866.2190409703164,3454.7520096698936,2263.5667083925146,1051.9624500822167,415.8275794169715,1281.510009765625,773.5,598.739990234375,1541.8800048828125,808.280029296875,2522.610107421875,491.30999755859375
2022-08,3046.2733089121866,3168.211767094333,1474.6007648444174,843.1875789965799,3315.9920027036865,2094.906035265157,1011.1533910203884,386.5898017210912,1221.06005859375,758.97998046875,611.7999877929688,1451.1600341796875,783.3599853515625,2364.719970703125,473.29998779296875
2022-09,2855.827991690095,2863.180834242376,1313.3352241753394,762.062239489682,3123.0455587870483,1985.0547405665543,944.8557353921658,343.7800256395455,1122.31005859375,695.780029296875,552.5599975585938,1411.3599853515625,700.5999755859375,2079.85009765625,427.7699890136719
2022-10,3210.4135718839675,3065.253717525652,1483.2296976045343,840.0246764985892,3305.9213745459942,2071.5706560372505,1021.5951409479272,367.4437263943744,1124.52001953125,757.25,689.8300170898438,1546.6400146484375,797.7100219726562,2241.1298828125,466.1199951171875
2022-11,3317.468676849212,3292.0091653651866,1564.0023893214309,873.2942019191794,3462.227598640969,2220.78705885456,1079.7336528390506,390.2522243179591,1133.6500244140625,804.1799926757812,694.2999877929688,1618.6800537109375,858.0599975585938,2371.97998046875,519.719970703125
2022-12,3184.257430649869,3117.029371057385,1464.5781969362502,819.6546406120045,3346.897781706231,2118.4985238404824,1042.079443031789,379.9543482626986,1005.47998046875,779.1300048828125,672.3400268554688,1585.5400390625,831.4000244140625,2172.169921875,489.54998779296875
2023-01,3161.079036427613,3291.748636882803,1565.5690521427898,904.2772055684223,3450.3518833943635,2247.024477815782,1117.834783396108,407.9939554666995,1156.219970703125,770.9099731445312,690.5900268554688,1553.4300537109375,861.9600219726562,2373.2900390625,533.4000244140625
2023-02,3027.964221145468,3221.014525605819,1498.4822943299362,887.5792653529571,3546.8195299426766,2247.27634338928,1148.1601455009932,418.92074242469454,1130.010009765625,751.72998046875,638.010009765625,1480.1800537109375,851.8800048828125,2380.260009765625,514.8099975585938
2023-03,3033.1374229837143,3430.3053472920583,1488.1164861264526,848.2665252201988,3507.190359615736,2309.990609406836,1111.5345619941695,400.71430372943615,1163.97998046875,780.3800048828125,634.9000244140625,1510.72998046875,856.5900268554688,2638.97998046875,507.9200134277344
2023-04,3104.52128984001,3498.791849797815,1468.1519873271134,835.7921978624474,3630.889605929551,2337.0313797261647,1120.525507377053,404.84354067386965,1152.4200439453125,807.2000122070312,655.2000122070312,1555.3900146484375,846.1099853515625,2649.949951171875,507.05999755859375
2023-05,2948.301587486436,3601.8047936665635,1410.2669561493144,819.8469430335299,3465.9067128021934,2278.286043535453,1067.224488502039,391.8971836586379,1188.0400390625,757.0900268554688,585.6599731445312,1486.280029296875,816.8800048828125,2896.25,471.0199890136719
2023-06,3149.728094191405,3817.0014841883326,1506.6233375828049,889.0886964438855,3576.1883413306978,2322.727924773247,1110.4872687001996,394.1986611790546,1330.5400390625,778.8200073242188,623.5599975585938,1548.6199951171875,908.0900268554688,3085.840087890625,521.9299926757812
2023-07,3203.233226319888,3951.96341816858,1558.168187464294,934.5744957634475,3608.3477110423432,2363.730423291522,1144.8664782546275,406.9529779059772,1362.52001953125,794.3200073242188,668.97998046875,1561.8499755859375,934.02001953125,3167.139892578125,539.47998046875
2023-08,3208.845672842794,3944.642964272283,1508.6506183713,895.0684608117554,3524.614273531731,2273.8723360132312,1107.9313440863302,394.4817311001607,1344.81005859375,763.989990234375,677.489990234375,1549.31005859375,912.8900146484375,3121.179931640625,520.8400268554688
2023-09,3052.122576743633,3750.7610444057873,1458.3172172905615,842.3373681825634,3480.4370253006136,2221.490438061056,1105.9225837534964,381.6248560794118,1264.0,727.3599853515625,694.1900024414062,1501.219970703125,857.5700073242188,2905.56005859375,494.5400085449219
2023-10,3001.421395390309,3691.2822645341134,1402.938099906461,788.8870634394513,3400.3337591932705,2145.38057450778,1042.091780131011,358.80787188080643,1207.030029296875,717.3900146484375,652.010009765625,1451.1600341796875,832.1099853515625,2903.5400390625,478.6400146484375
2023-11,3277.5890375438944,3996.8077000650273,1512.1862237976368,859.1574052343593,3624.8361538162153,2287.8693395938394,1104.447816058048,390.427869875409,1336.9100341796875,744.260009765625,641.280029296875,1527.0999755859375,902.9199829101562,3273.080078125,517.2000122070312
2023-12,3431.6034382144862,4185.831140777993,1625.052292783933,955.0047429982204,3695.952164212253,2390.9340566011206,1140.4599457485813,417.1968110030302,1418.0899658203125,762.3200073242188,640.0499877929688,1590.3599853515625,964.72998046875,3397.159912109375,539.6199951171875
2024-01,3623.1967944754406,4314.225380936473,1607.257463812342,921.6632661853704,3797.585498071738,2438.745148253941,1134.9009210344548,413.3037025727005,1367.699951171875,772.7999877929688,636.72998046875,1635.5799560546875,955.8599853515625,3529.919921875,518.4099731445312
2024-02,3986.436392232701,4607.84274685563,1644.2252650044998,969.9462576035422,3963.5228874458858,2494.406978073644,1148.3639288293498,413.1017881838648,1485.31005859375,789.2000122070312,653.1400146484375,1686.4100341796875,1022.5599975585938,3748.570068359375,550.9099731445312
2024-03,4121.979946133889,4711.963925338494,1739.295225929834,1005.470436598152,4196.229233860576,2520.4187933631124,1195.7120095194705,430.1848263959596,1485.489990234375,814.22998046875,721.239990234375,1723.969970703125,1066.7099609375,3821.050048828125,585.1599731445312
2024-04,3921.0270222920567,4503.5920401799785,1617.376868592105,938.586230620647,4115.586005951002,2478.53653945596,1199.0686807892437,424.2025660014935,1420.81005859375,805.510009765625,714.9500122070312,1634.43994140625,1028.0899658203125,3612.610107421875,558.1599731445312
2024-05,4145.457562461103,4761.021025031286,1661.590813793654,981.4008550312695,4241.579737880751,2549.414533971926,1230.2388252033268,446.2028450449641,1423.510009765625,824.22998046875,708.0399780273438,1670.8800048828125,1042.8800048828125,3972.2099609375,575.27001953125
2024-06,4301.005571783638,4951.1010336712325,1657.9944393449873,967.1762040189838,4231.358924830576,2566.890704927359,1178.5320741332923,430.19418101674256,1492.1400146484375,819.8599853515625,698.22998046875,1700.3299560546875,1031.9599609375,4341.08984375,556.5
2024-07,4208.135622783331,4962.513878306108,1720.4367013345222,1040.9981420664049,4251.897555606086,2557.4429625621447,1212.129571606623,447.90696278388936,1516.5799560546875,834.3599853515625,712.4199829101562,1742.6700439453125,1081.93994140625,4249.08984375,580.510009765625
2024-08,4326.49176421207,5135.220450687975,1722.262117139639,1036.0317064427295,4296.591504833531,2626.166656210209,1220.525159952801,445.7963521948102,1500.1600341796875,882.5999755859375,695.8599853515625,1829.7099609375,1110.780029296875,4298.509765625,593.3900146484375
2024-09,4456.428081879768,5178.98502645714,1749.881514209677,1048.803343953796,4295.26841965682,2576.7815567386774,1221.1809276664426,447.2131474831714,1605.4100341796875,887.780029296875,676.469970703125,1796.47998046875,1147.06005859375,4403.72021484375,607.7000122070312
2024-10,4442.73114758769,5085.37354979571,1723.6992280560694,1040.4316002810356,4226.48304762353,2444.601983368103,1193.260793143477,426.50895564826783,1580.239990234375,861.7000122070312,681.25,1711.5,1131.0899658203125,4359.5498046875,586.1400146484375
2024-11,4665.654432133939,5304.697375578313,1829.0898872301868,1145.0563134069,4355.489505261101,2452.4595500877504,1201.1271720195548,431.3009905059119,1789.43994140625,900.8800048828125,724.0599975585938,1713.7099609375,1214.0400390625,4558.68017578125,594.6199951171875
2024-12,4502.294557332181,5131.800409928623,1694.997894645444,1054.6220371526667,4336.001027632244,2422.742800220901,1207.6349678025265,429.5710666111471,1831.1600341796875,853.6500244140625,654.8499755859375,1604.75,1115.6500244140625,4609.52001953125,529.77001953125
2025-01,4741.764521124848,5320.810863733571,1762.945420908464,1092.57028331255,4654.943640930234,2573.577298668853,1283.5560206770035,446.3641672978704,1911.5699462890625,869.7000122070312,667.9500122070312,1710.760009765625,1171.3399658203125,4474.240234375,559.030029296875
2025-02,4715.0613021273375,5280.963863232003,1777.0120574678213,1037.3147453910522,4821.831783605083,2621.798813851813,1350.5739327800227,448.802558756389,1731.52001953125,918.3400268554688,689.8800048828125,1734.280029296875,1152.5400390625,4411.2900390625,558.1799926757812
2025-03,4401.797294058246,4968.897993545195,1712.320744222115,969.4576362386804,4644.026612868688,2465.088517771724,1312.574648757459,433.4691188736834,1575.4000244140625,892.7100219726562,715.75,1702.260009765625,1109.719970703125,4019.97998046875,541.97998046875
2025-04,4510.10473519538,4954.77246857101,1644.718661739371,945.4714678182678,4701.816080228273,2439.233533419044,1296.4251376888408,438.7706606919877,1570.0799560546875,902.3400268554688,617.469970703125,1637.0400390625,1111.4100341796875,4083.590087890625,529.8599853515625
2025-05,4884.482322748646,5172.738774537028,1709.6054790718465,998.8192701834198,4937.614192753315,2505.332077591224,1355.38539786795,466.5604068893515,1717.3800048828125,917.3499755859375,619.3400268554688,1543.449951171875,1207.31005859375,4524.41015625,544.6799926757812
2025-06,5045.182129580346,5365.595857767475,1818.6766014621223,1045.967195166266,4918.801876546811,2427.008730462234,1349.430124204277,469.36499878906494,1753.81005859375,897.0999755859375,648.6799926757812,1572.52001953125,1249.1300048828125,4964.64013671875,556.0900268554688
2025-07,5018.990235030585,5390.094337082307,1809.2088978160025,1066.577024022257,5017.984923935791,2380.879238567517,1386.7880591554522,474.1856445801609,1799.719970703125,874.5700073242188,666.9099731445312,1518.4200439453125,1285.949951171875,5220.68994140625,553.280029296875
2025-08,5055.802550532293,5502.035748188605,1912.9729233296807,1121.796485166069,5013.540247557847,2410.119276666679,1415.689599073916,470.1993192774983,1860.030029296875,887.22998046875,686.3900146484375,1598.1300048828125,1284.0400390625,5234.56982421875,584.1799926757812
2025-09,5325.404292427184,5681.383438239517,2007.8792445200693,1141.2035077695532,5148.245069424874,2451.2805295709463,1419.34855606661,471.73449251530553,1917.969970703125,871.0999755859375,682.8200073242188,1623.949951171875,1306.1099853515625,5612.0,570.7100219726562
2025-10,5331.725436741281,5796.218848394271,2089.6463970803443,1148.7223176171433,5153.257751469164,2497.080558771386,1469.2212134762804,476.3032873580784,1963.1400146484375,848.7000122070312,674.739990234375,1680.030029296875,1311.7099609375,5960.1298828125,541.5999755859375
2025-11,5251.9692844874735,5895.892841172721,2137.5718782987697,1167.0737129023394,5172.72842464237,2528.3436446332985,1506.6025124690336,475.7156139509447,1915.260009765625,882.1699829101562,686.6300048828125,1833.52001953125,1298.52001953125,5700.3798828125,563.0999755859375
2025-12,5238.756428427785,5901.757186342802,2194.780390971084,1165.481217174393,5382.981949545308,2575.015084015324,1568.2206246419378,486.6749505649585,1928.4300537109375,864.8900146484375,687.3400268554688,1805.8900146484375,1313.1400146484375,5684.0,574.4099731445312
2026-01,5305.241636437885,6003.354772464376,2359.1445633926915,1227.9309903873848,5695.140889090701,2654.6530198843566,1637.3547535378264,503.6278560135999,1961.1400146484375,929.8900146484375,786.1400146484375,1802.6199951171875,1400.050048828125,5587.8798828125,624.0599975585938
2026-02,5305.327066187519,6066.417273476365,2413.52474299841,1260.4990150254566,5787.711129268828,2748.2286803671136,1716.9221979828744,515.2583743902829,1854.7900390625,1003.0800170898438,855.0999755859375,1864.300048828125,1497.5899658203125,5365.4501953125,675.6900024414062
2026-03,4996.812125222202,5670.717592951443,2282.9803681793383,1192.1798872370962,5240.048479823801,2471.253927936215,1590.79227455052,471.5150101719475,1748.219970703125,925.5599975585938,943.2999877929688,1710.3900146484375,1369.6700439453125,5158.06005859375,627.8200073242188
2026-04,5928.533803859008,6159.973619296462,2677.7936088826227,1305.0923260727434,5623.217894015369,2575.422674823403,1689.057943044676,504.1246394628382,1953.030029296875,952.8499755859375,910.22998046875,1700.550048828125,1477.8499755859375,6057.7099609375,644.4199829101562
2026-05,6676.462351132948,6389.847907637905,3182.538245276205,1352.040794432429,5694.762163987163,2642.5891239112525,1747.939684872579,521.0653600436614,2002.93994140625,921.469970703125,854.9299926757812,1739.780029296875,1463.530029296875,7021.77001953125,638.9500122070312
2026-06,7315.50018126168,6500.3770147378045,3219.5338791770373,1421.9238091247637,5844.600013077594,2730.787289793981,1770.5039598718904,503.9548245875911,1907.1099853515625,923.02001953125,810.9500122070312,1852.1500244140625,1568.72998046875,6788.2099609375,638.0800170898438
2026-07,,,,,,,,,1890.27001953125,943.2000122070312,881.27001953125,1878.1300048828125,1518.800048828125,6533.97998046875,630.3699951171875
