,Lodestar,FTSE All-World,S&P 500,MSCI World
2015-12,0.716132,0.030125,0.424147,0.100965
2016-09,3.044758,1.734203,0.979722,1.753911
2016-11,6.212628,-1.413886,1.567686,-0.74369
2016-12,4.212322,3.833895,3.746104,4.244679
2017-01,-0.300457,-0.035117,-1.350581,-0.12341
2017-02,5.176706,4.425326,5.709303,3.785101
2017-03,0.472663,0.651235,-0.587235,0.799377
2017-04,-0.656271,-1.854342,-2.450536,-1.904374
2017-05,4.71083,2.231344,1.427339,2.64215
2017-06,-3.070171,-0.195287,0.080566,-1.108825
2017-07,0.253545,1.409375,0.621287,1.492507
2017-08,3.598376,2.579905,2.385635,1.594411
2017-09,-1.639847,-2.09212,-1.98351,-1.393003
2017-10,8.406665,3.262858,3.53735,3.707788
2017-11,0.126044,0.120881,1.030357,0.335856
2017-12,0.800002,2.187831,2.078397,1.957318
2018-01,1.668383,-0.110686,-0.237604,-0.694823
2018-02,2.306757,-0.617502,0.079386,-1.704603
2018-03,-6.744048,-4.533353,-5.466962,-3.796839
2018-04,4.600644,3.610313,3.678745,3.764081
2018-05,6.757968,3.072193,5.36298,3.879612
2018-06,0.780633,0.453399,1.649071,1.854965
2018-07,1.138348,3.278924,3.55423,2.273205
2018-08,6.560175,1.348125,4.167668,1.945142
2018-09,-0.117985,0.351767,0.285039,0.412058
2018-10,-6.324033,-5.539236,-4.759641,-4.768225
2018-11,2.602894,0.948106,0.865887,-0.084157
2018-12,-7.786557,-6.415199,-8.276134,-6.190189
2019-01,3.390932,4.498876,4.812598,3.972926
2019-02,1.708591,1.532353,2.393551,1.725773
2019-03,3.197427,3.220716,3.511826,3.061146
2019-04,3.824963,3.078131,3.725944,4.501141
2019-05,0.121966,-2.179327,-2.286397,-2.859172
2019-06,6.121171,5.253069,5.34575,5.524525
2019-07,4.992799,5.084512,6.970304,5.630099
2019-08,-3.187127,-3.061821,-2.776225,-3.065842
2019-09,1.120672,1.738782,1.318909,1.466484
2019-10,-2.457668,-2.683169,-3.199799,-2.655833
2019-11,5.155555,2.933622,4.067332,3.170707
2019-12,1.573163,1.132953,0.488483,1.005643
2020-01,2.842058,-0.963738,0.566412,-0.007152
2020-02,-8.229762,-6.160529,-6.852267,-8.133132
2020-03,-2.393433,-8.971302,-6.805586,-7.315188
2020-04,9.379482,7.766171,9.049693,8.31031
2020-05,6.116631,5.838654,5.796498,5.483432
2020-06,4.41998,3.361847,1.936442,2.990081
2020-07,-0.592007,-1.076354,-0.684017,-1.689723
2020-08,8.641527,5.070366,6.246319,5.093031
2020-09,0.380643,0.330408,-0.043891,0.714789
2020-10,-5.282721,-3.035763,-3.44986,-3.931703
2020-11,5.14553,8.443882,7.041674,9.044908
2020-12,3.111003,2.532551,1.554694,2.238816
2021-01,1.66375,-0.328088,-0.388319,-1.176156
2021-02,1.215696,0.509895,1.283235,0.724654
2021-03,7.176638,3.91627,5.053618,4.952704
2021-04,2.251288,3.818056,4.880638,3.009238
2021-05,0.443796,-0.859717,-1.806567,0.080524
2021-06,5.2749,3.70316,4.797061,3.538902
2021-07,-5.802991,0.19839,1.824176,1.067842
2021-08,1.891293,3.401259,4.216321,4.064915
2021-09,4.151407,-1.703948,-1.937236,-1.346084
2021-10,4.892274,2.703326,4.113671,2.130666
2021-11,4.131192,1.265712,3.393425,1.71717
2021-12,2.007581,1.992077,2.22011,2.650011
2022-01,-7.699554,-4.876976,-5.980536,-5.353235
2022-02,1.860542,-1.853972,-1.731947,-1.361722
2022-03,8.014107,4.862932,7.14981,5.366815
2022-04,1.888853,-2.888381,-3.605806,-2.504507
2022-05,9.50055,-1.952221,-2.710543,-3.216374
2022-06,-12.580428,-4.864953,-4.615616,-4.779011
2022-07,5.362224,6.19489,8.117861,7.055018
2022-08,4.954705,1.607415,1.833506,0.96965
2022-09,-4.391673,-4.373393,-3.809919,-3.93186
2022-10,8.912417,1.245476,2.612992,1.50127
2022-11,-1.776484,1.82135,-1.556825,1.689955
2022-12,-2.617585,-2.937808,-3.969974,-3.221961
2023-01,-1.116019,4.360489,3.40876,3.994004
2023-02,2.716483,-0.662467,0.216826,0.674673
2023-03,-3.302246,0.474447,0.53375,-0.127208
2023-04,2.310023,-0.105224,0.084009,0.996269
2023-05,2.516425,0.198974,2.062598,-0.403505
2023-06,4.734641,3.488413,3.98396,4.612819
2023-07,1.5595,2.385826,2.161534,1.457494
2023-08,0.536665,-1.004225,0.281083,-1.145162
2023-09,-1.788197,-0.344015,-0.907239,-0.040937
2023-10,-1.709581,-2.936844,-2.610153,-3.214129
2023-11,6.152931,4.608384,4.735245,4.618683
2023-12,4.883746,4.479079,4.554366,5.333401
2024-01,3.638135,1.100552,2.347965,1.703671
2024-02,7.374691,3.984354,4.674001,3.604856
2024-03,3.801493,3.476734,3.511074,3.932466
2024-04,-3.420019,-1.822664,-2.230344,-2.534875
2024-05,3.465723,0.923231,0.97162,1.349186
2024-06,10.010251,4.294955,6.480272,4.425793
2024-07,-4.73862,-0.350089,-0.996906,-0.273135
2024-08,-1.284874,-0.486069,-0.933493,-0.72604
2024-09,1.539884,0.503991,0.464261,0.482616
2024-10,3.590982,2.337488,4.190703,1.817885
2024-11,6.654402,4.955167,6.792347,6.570305
2024-12,-0.317374,-0.618202,-0.369496,-0.88168
2025-01,5.898511,4.488732,3.957713,4.895829
2025-02,-7.997278,-3.492316,-4.799724,-3.81701
2025-03,-6.09311,-6.031268,-7.988574,-6.882726
2025-04,1.09306,-2.335646,-3.760127,-2.760217
2025-05,7.294932,5.32921,5.972273,5.800024
2025-06,1.358884,2.698513,3.347706,2.785574
2025-07,6.880304,5.610466,6.952875,5.613243
2025-08,0.036971,-0.129988,-0.929084,-0.012843
2025-09,1.544079,3.755707,3.660323,3.376739
2025-10,7.979002,4.939208,5.339948,4.694928
2025-11,-1.615848,-0.767139,-0.772286,-0.404055
2025-12,0.680366,-0.076683,-0.727703,-0.271109
2026-01,0.342285,0.52559,-1.205807,-0.85754
2026-02,7.813448,3.32207,1.118815,3.110281
2026-03,6.502715,-5.944559,-4.484811,-5.079147
2026-04,2.690144,7.420309,8.297687,7.735446
2026-05,6.97946,6.305065,6.766996,5.290512
2026-06,-0.173724,0.685209,0.30014,0.599359
2026-07,0.553268,-2.183687,-2.042579,-1.503017
2026-08,5.134531484115246,3.626783216370466,3.747568462362394,3.4750443900621653
